-- phpMyAdmin SQL Dump
-- version 5.2.1
-- https://www.phpmyadmin.net/
--
-- Servidor: 127.0.0.1
-- Tiempo de generación: 15-12-2024 a las 00:06:27
-- Versión del servidor: 10.4.32-MariaDB
-- Versión de PHP: 8.2.12

SET SQL_MODE = "NO_AUTO_VALUE_ON_ZERO";
START TRANSACTION;
SET time_zone = "+00:00";


/*!40101 SET @OLD_CHARACTER_SET_CLIENT=@@CHARACTER_SET_CLIENT */;
/*!40101 SET @OLD_CHARACTER_SET_RESULTS=@@CHARACTER_SET_RESULTS */;
/*!40101 SET @OLD_COLLATION_CONNECTION=@@COLLATION_CONNECTION */;
/*!40101 SET NAMES utf8mb4 */;

--
-- Base de datos: `bd_sis_pollo`
--

-- --------------------------------------------------------

--
-- Estructura de tabla para la tabla `asistencia_trabajadores`
--

CREATE TABLE `asistencia_trabajadores` (
  `id_asistencia` int(11) NOT NULL,
  `id_trabajador` int(11) NOT NULL,
  `fecha_asistencia` date NOT NULL,
  `hora_entrada` time NOT NULL,
  `hora_salida` time NOT NULL,
  `estado` enum('Presente','Tarde','Falta') NOT NULL,
  `observaciones` text DEFAULT NULL
) ENGINE=InnoDB DEFAULT CHARSET=utf8mb4 COLLATE=utf8mb4_spanish_ci;

--
-- Volcado de datos para la tabla `asistencia_trabajadores`
--

INSERT INTO `asistencia_trabajadores` (`id_asistencia`, `id_trabajador`, `fecha_asistencia`, `hora_entrada`, `hora_salida`, `estado`, `observaciones`) VALUES
(17, 3, '2024-12-04', '18:07:00', '02:07:00', 'Presente', ''),
(18, 4, '2024-12-04', '18:07:00', '02:07:00', 'Presente', ''),
(19, 5, '2024-12-04', '18:07:00', '02:07:00', 'Tarde', '');

-- --------------------------------------------------------

--
-- Estructura de tabla para la tabla `categorias`
--

CREATE TABLE `categorias` (
  `id_categoria` int(11) NOT NULL,
  `nombre_categoria` varchar(100) NOT NULL,
  `descripcion` text DEFAULT NULL,
  `fecha` datetime DEFAULT current_timestamp()
) ENGINE=InnoDB DEFAULT CHARSET=utf8mb4 COLLATE=utf8mb4_spanish_ci;

--
-- Volcado de datos para la tabla `categorias`
--

INSERT INTO `categorias` (`id_categoria`, `nombre_categoria`, `descripcion`, `fecha`) VALUES
(3, 'POLLOS', 'Pollos frescos de avicola', '2024-12-01 17:24:57'),
(4, 'PAVITAS', 'Pavitas frescos de san fernando', '2024-12-01 17:25:15'),
(5, 'PESCADOS', 'Descripción del pescado', '2024-12-01 17:25:34'),
(6, 'EMBUTIDOS', 'Embutidos ', '2024-12-02 06:40:32'),
(7, 'ENLATADOS', 'Descripción de la categoría', '2024-12-03 18:58:04');

-- --------------------------------------------------------

--
-- Estructura de tabla para la tabla `config_sistema`
--

CREATE TABLE `config_sistema` (
  `id_img` int(11) NOT NULL,
  `nombre` varchar(255) NOT NULL,
  `icon_pestana` varchar(255) NOT NULL,
  `img_sidebar` varchar(255) NOT NULL,
  `img_sidebar_min` varchar(255) NOT NULL,
  `img_login` varchar(255) NOT NULL,
  `icon_login` varchar(255) NOT NULL,
  `fecha` datetime DEFAULT current_timestamp()
) ENGINE=InnoDB DEFAULT CHARSET=utf8mb4 COLLATE=utf8mb4_spanish_ci;

-- --------------------------------------------------------

--
-- Estructura de tabla para la tabla `config_ticket`
--

CREATE TABLE `config_ticket` (
  `id_config_ticket` int(11) NOT NULL,
  `nombre_empresa` varchar(100) NOT NULL,
  `ruc` varchar(20) DEFAULT NULL,
  `telefono` varchar(20) DEFAULT NULL,
  `correo` varchar(100) DEFAULT NULL,
  `direccion` varchar(100) DEFAULT NULL,
  `logo` varchar(100) DEFAULT NULL,
  `mensaje` text DEFAULT NULL,
  `fecha_config_ticket` datetime DEFAULT current_timestamp()
) ENGINE=InnoDB DEFAULT CHARSET=utf8mb4 COLLATE=utf8mb4_spanish_ci;

--
-- Volcado de datos para la tabla `config_ticket`
--

INSERT INTO `config_ticket` (`id_config_ticket`, `nombre_empresa`, `ruc`, `telefono`, `correo`, `direccion`, `logo`, `mensaje`, `fecha_config_ticket`) VALUES
(1, 'POLLITOS', '2034456712', '920468502', 'pollitos123@gmail.com', 'Jr. Los angles', '../vistas/img/ticket/202411260006251436.png', 'Gracias por la compra vuelva pronto', '2024-11-22 12:06:48');

-- --------------------------------------------------------

--
-- Estructura de tabla para la tabla `contratos_trabajadores`
--

CREATE TABLE `contratos_trabajadores` (
  `id_contrato` int(11) NOT NULL,
  `id_trabajador` int(11) NOT NULL,
  `tiempo_contrato` int(11) NOT NULL,
  `tipo_sueldo` varchar(100) NOT NULL,
  `sueldo` decimal(10,2) NOT NULL,
  `fecha_contrato` datetime DEFAULT current_timestamp()
) ENGINE=InnoDB DEFAULT CHARSET=utf8mb4 COLLATE=utf8mb4_spanish_ci;

--
-- Volcado de datos para la tabla `contratos_trabajadores`
--

INSERT INTO `contratos_trabajadores` (`id_contrato`, `id_trabajador`, `tiempo_contrato`, `tipo_sueldo`, `sueldo`, `fecha_contrato`) VALUES
(2, 3, 12, 'diaria', 60.00, '2024-12-02 08:57:12'),
(3, 4, 7, 'semanal', 350.00, '2024-12-02 08:57:32'),
(4, 5, 12, 'mensual', 1800.00, '2024-12-02 08:57:44');

-- --------------------------------------------------------

--
-- Estructura de tabla para la tabla `detalle_egreso`
--

CREATE TABLE `detalle_egreso` (
  `id_detalle_egreso` int(11) NOT NULL,
  `id_egreso` int(11) NOT NULL,
  `id_producto` int(11) NOT NULL,
  `numero_javas` int(11) NOT NULL,
  `numero_aves` int(11) NOT NULL,
  `peso_promedio` decimal(10,2) NOT NULL,
  `peso_bruto` decimal(10,2) NOT NULL,
  `peso_tara` decimal(10,2) DEFAULT NULL,
  `peso_merma` decimal(10,2) DEFAULT NULL,
  `peso_neto` decimal(10,2) NOT NULL,
  `precio_compra` decimal(10,2) NOT NULL,
  `precio_venta` decimal(10,2) NOT NULL
) ENGINE=InnoDB DEFAULT CHARSET=utf8mb4 COLLATE=utf8mb4_spanish_ci;

--
-- Volcado de datos para la tabla `detalle_egreso`
--

INSERT INTO `detalle_egreso` (`id_detalle_egreso`, `id_egreso`, `id_producto`, `numero_javas`, `numero_aves`, `peso_promedio`, `peso_bruto`, `peso_tara`, `peso_merma`, `peso_neto`, `precio_compra`, `precio_venta`) VALUES
(5, 5, 5, 2, 24, 2.38, 76.00, 13.00, 6.00, 57.00, 5.60, 80.00),
(6, 6, 6, 4, 48, 1.31, 98.00, 26.00, 9.00, 63.00, 7.20, 9.40),
(7, 7, 7, 5, 50, 1.88, 140.00, 35.00, 11.00, 94.00, 8.00, 9.20),
(8, 8, 8, 5, 100, 0.41, 56.00, 13.00, 2.00, 41.00, 3.50, 5.00),
(9, 8, 9, 5, 100, 0.47, 62.00, 13.00, 2.00, 47.00, 3.70, 6.00),
(11, 10, 5, 1, 24, 1.50, 45.00, 7.00, 2.00, 36.00, 6.20, 7.80),
(12, 11, 8, 3, 45, 0.64, 38.00, 7.00, 2.00, 29.00, 4.00, 8.00),
(13, 12, 9, 1, 45, 1.04, 56.00, 7.00, 2.00, 47.00, 3.00, 5.00),
(14, 13, 12, 0, 32, 0.00, 0.00, 0.00, 0.00, 0.00, 4.00, 5.00),
(15, 14, 7, 2, 24, 1.50, 45.00, 7.00, 2.00, 36.00, 6.00, 9.00),
(16, 15, 7, 1, 10, 3.70, 45.00, 7.00, 1.00, 37.00, 5.00, 7.00),
(17, 15, 6, 2, 12, 3.00, 45.00, 7.00, 2.00, 36.00, 6.00, 8.00),
(18, 15, 5, 2, 14, 2.43, 45.00, 7.00, 4.00, 34.00, 7.00, 9.00),
(19, 16, 7, 2, 24, 1.50, 45.00, 7.00, 2.00, 36.00, 6.00, 9.00),
(20, 17, 9, 1, 45, 1.04, 56.00, 7.00, 2.00, 47.00, 3.00, 5.00),
(21, 18, 8, 3, 60, 0.64, 38.00, 7.00, 2.00, 29.00, 4.00, 8.00),
(22, 19, 6, 4, 48, 1.31, 98.00, 26.00, 9.00, 63.00, 7.20, 9.40),
(23, 20, 5, 1, 24, 2.38, 76.00, 13.00, 6.00, 57.00, 5.60, 80.00),
(24, 21, 12, 0, 32, 0.00, 0.00, 0.00, 0.00, 0.00, 4.00, 5.00),
(25, 22, 8, 5, 100, 0.41, 56.00, 13.00, 2.00, 41.00, 3.50, 5.00),
(26, 23, 7, 5, 50, 1.88, 140.00, 35.00, 11.00, 94.00, 8.00, 9.20),
(27, 24, 6, 2, 12, 3.00, 45.00, 7.00, 2.00, 36.00, 6.00, 8.00),
(28, 25, 5, 2, 14, 2.43, 45.00, 7.00, 4.00, 34.00, 7.00, 9.00),
(29, 26, 9, 3, 60, 1.15, 82.00, 15.00, 3.00, 64.00, 3.50, 6.00),
(30, 27, 10, 2, 40, 1.75, 70.00, 12.00, 4.00, 54.00, 5.80, 7.50),
(31, 28, 11, 4, 80, 0.95, 95.00, 20.00, 5.00, 70.00, 4.20, 5.50),
(32, 29, 7, 1, 20, 2.20, 55.00, 8.00, 2.00, 45.00, 7.00, 9.50),
(33, 30, 8, 5, 100, 0.55, 65.00, 14.00, 3.00, 48.00, 3.80, 5.20),
(34, 31, 6, 2, 30, 1.60, 58.00, 10.00, 3.00, 45.00, 6.50, 8.20),
(35, 32, 12, 1, 25, 0.80, 35.00, 6.00, 1.00, 28.00, 4.50, 6.00),
(36, 33, 5, 3, 45, 2.10, 110.00, 22.00, 6.00, 82.00, 5.90, 7.80),
(37, 34, 9, 2, 40, 1.30, 62.00, 11.00, 3.00, 48.00, 3.20, 5.50),
(38, 35, 10, 4, 70, 1.40, 98.00, 18.00, 5.00, 75.00, 5.50, 7.20),
(39, 36, 11, 3, 60, 1.20, 85.00, 16.00, 4.00, 65.00, 4.10, 5.60),
(40, 37, 9, 2, 40, 1.65, 75.00, 13.00, 3.00, 59.00, 3.60, 5.80),
(41, 38, 7, 4, 80, 1.05, 105.00, 22.00, 5.00, 78.00, 7.50, 9.70),
(42, 39, 8, 1, 20, 2.30, 60.00, 9.00, 2.00, 49.00, 3.90, 5.30),
(43, 40, 6, 5, 100, 0.65, 75.00, 15.00, 4.00, 56.00, 6.70, 8.50),
(44, 41, 12, 2, 30, 1.50, 65.00, 11.00, 3.00, 51.00, 4.20, 6.10),
(45, 42, 5, 1, 25, 0.90, 40.00, 7.00, 1.00, 32.00, 5.50, 7.60),
(46, 43, 10, 3, 45, 2.00, 120.00, 24.00, 6.00, 90.00, 5.40, 7.20),
(47, 44, 7, 2, 40, 1.40, 68.00, 12.00, 3.00, 53.00, 8.20, 10.00),
(48, 45, 9, 4, 70, 1.30, 105.00, 20.00, 5.00, 80.00, 3.80, 5.70),
(49, 46, 9, 2, 40, 1.55, 72.00, 14.00, 3.00, 55.00, 3.70, 5.90),
(50, 47, 7, 3, 60, 1.15, 90.00, 18.00, 4.00, 68.00, 7.80, 9.50),
(51, 48, 8, 1, 20, 2.40, 55.00, 8.00, 2.00, 45.00, 4.00, 5.40),
(52, 49, 6, 5, 100, 0.75, 80.00, 16.00, 4.00, 60.00, 6.60, 8.40),
(53, 50, 12, 2, 30, 1.60, 70.00, 12.00, 3.00, 55.00, 4.30, 6.20),
(54, 51, 5, 1, 25, 1.00, 45.00, 8.00, 1.00, 36.00, 5.40, 7.50),
(55, 52, 10, 3, 45, 2.10, 130.00, 26.00, 6.00, 98.00, 5.30, 7.10),
(56, 53, 11, 2, 40, 1.45, 72.00, 13.00, 3.00, 56.00, 4.20, 5.70),
(57, 54, 7, 4, 80, 1.25, 110.00, 22.00, 5.00, 83.00, 8.10, 10.20),
(58, 55, 9, 2, 40, 1.35, 95.00, 19.00, 4.00, 72.00, 3.90, 5.80),
(59, 56, 7, 3, 60, 1.25, 95.00, 19.00, 4.00, 72.00, 7.60, 9.30),
(60, 57, 9, 2, 40, 1.45, 68.00, 13.00, 3.00, 52.00, 3.50, 5.70),
(61, 58, 8, 1, 20, 2.50, 60.00, 9.00, 2.00, 49.00, 4.10, 5.50),
(62, 59, 6, 4, 80, 0.85, 85.00, 17.00, 4.00, 64.00, 6.50, 8.30),
(63, 60, 12, 2, 30, 1.70, 75.00, 13.00, 3.00, 59.00, 4.40, 6.30),
(64, 61, 5, 1, 25, 1.10, 50.00, 9.00, 1.00, 40.00, 5.30, 7.40),
(65, 62, 10, 3, 45, 2.20, 140.00, 28.00, 6.00, 106.00, 5.20, 7.00),
(66, 63, 11, 2, 40, 1.35, 65.00, 12.00, 3.00, 50.00, 4.10, 5.60),
(67, 64, 7, 4, 80, 1.15, 115.00, 23.00, 5.00, 87.00, 8.00, 10.10),
(68, 65, 9, 2, 40, 1.45, 100.00, 20.00, 4.00, 76.00, 3.80, 5.90),
(69, 66, 6, 1, 10, 4.30, 58.00, 7.00, 8.00, 43.00, 4.80, 6.20),
(70, 67, 12, 0, 5, 0.00, 0.00, 0.00, 0.00, 0.00, 6.00, 8.00),
(71, 68, 12, 0, 10, 0.00, 0.00, 0.00, 0.00, 0.00, 4.00, 5.00),
(72, 69, 9, 2, 45, 1.22, 67.00, 7.00, 5.00, 55.00, 3.00, 5.00),
(73, 70, 5, 1, 10, 3.90, 50.00, 7.00, 4.00, 39.00, 5.00, 7.00),
(74, 71, 12, 10, 10, 0.00, 0.00, 10.00, 10.00, 0.00, 10.00, 10.00);

-- --------------------------------------------------------

--
-- Estructura de tabla para la tabla `detalle_venta`
--

CREATE TABLE `detalle_venta` (
  `id_detalle_venta` int(11) NOT NULL,
  `id_venta` int(11) NOT NULL,
  `id_producto` int(11) NOT NULL,
  `numero_javas` int(11) NOT NULL,
  `numero_aves` int(11) NOT NULL,
  `peso_promedio` decimal(10,2) NOT NULL,
  `peso_bruto` decimal(10,2) NOT NULL,
  `peso_tara` decimal(10,2) DEFAULT NULL,
  `peso_merma` decimal(10,2) DEFAULT NULL,
  `peso_neto` decimal(10,2) NOT NULL,
  `precio_venta` decimal(10,2) NOT NULL
) ENGINE=InnoDB DEFAULT CHARSET=utf8mb4 COLLATE=utf8mb4_spanish_ci;

--
-- Volcado de datos para la tabla `detalle_venta`
--

INSERT INTO `detalle_venta` (`id_detalle_venta`, `id_venta`, `id_producto`, `numero_javas`, `numero_aves`, `peso_promedio`, `peso_bruto`, `peso_tara`, `peso_merma`, `peso_neto`, `precio_venta`) VALUES
(82, 98, 7, 0, 3, 2.70, 8.10, 0.00, 0.00, 8.10, 9.20),
(83, 99, 6, 0, 4, 1.90, 7.60, 0.00, 0.00, 7.60, 9.40),
(84, 100, 5, 0, 4, 2.50, 10.00, 0.00, 0.00, 10.00, 8.00),
(85, 101, 9, 1, 18, 2.11, 47.00, 7.00, 2.00, 38.00, 6.00),
(86, 102, 7, 1, 9, 4.22, 45.00, 7.00, 0.00, 38.00, 9.20),
(87, 103, 9, 0, 5, 2.20, 11.00, 0.00, 0.00, 11.00, 6.00),
(88, 104, 9, 1, 12, 3.75, 45.00, 0.00, 0.00, 45.00, 6.00),
(89, 106, 5, 1, 12, 3.83, 56.00, 7.00, 3.00, 46.00, 7.80),
(90, 107, 7, 2, 20, 3.00, 78.00, 13.00, 5.00, 60.00, 9.20),
(91, 108, 11, 0, 20, 0.00, 0.00, 0.00, 0.00, 0.00, 3.50),
(92, 109, 7, 0, 3, 2.50, 7.50, 0.00, 0.00, 7.50, 9.20),
(93, 110, 6, 0, 4, 2.30, 9.00, 0.00, 0.00, 9.00, 10.00),
(94, 111, 5, 0, 4, 2.10, 8.50, 0.00, 0.00, 8.50, 8.00),
(95, 112, 9, 1, 18, 3.00, 10.00, 0.00, 0.00, 10.00, 6.00),
(96, 113, 7, 1, 9, 3.50, 12.00, 0.00, 0.00, 12.00, 9.00),
(97, 114, 9, 0, 5, 2.60, 8.00, 0.00, 0.00, 8.00, 7.50),
(98, 115, 7, 1, 10, 3.00, 12.50, 0.00, 0.00, 12.50, 6.00),
(99, 116, 9, 0, 12, 3.20, 14.00, 0.00, 0.00, 14.00, 7.80),
(100, 117, 5, 1, 8, 3.80, 9.00, 0.00, 0.00, 9.00, 9.20),
(101, 118, 7, 2, 15, 3.50, 11.00, 0.00, 0.00, 11.00, 7.00),
(102, 119, 7, 0, 5, 2.50, 8.50, 0.00, 0.00, 8.50, 9.00),
(103, 120, 6, 0, 6, 2.30, 9.60, 0.00, 0.00, 9.60, 9.50),
(104, 121, 5, 0, 5, 2.10, 10.50, 0.00, 0.00, 10.50, 8.50),
(105, 122, 9, 1, 20, 3.00, 12.00, 0.00, 0.00, 12.00, 6.50),
(106, 123, 7, 1, 10, 3.50, 13.00, 0.00, 0.00, 13.00, 9.50),
(107, 124, 9, 0, 7, 2.60, 8.50, 0.00, 0.00, 8.50, 7.00),
(108, 125, 7, 1, 11, 3.00, 13.00, 0.00, 0.00, 13.00, 6.50),
(109, 126, 9, 0, 13, 3.20, 14.50, 0.00, 0.00, 14.50, 7.90),
(110, 127, 5, 1, 9, 3.80, 10.50, 0.00, 0.00, 10.50, 9.50),
(111, 128, 6, 0, 8, 2.70, 9.00, 0.00, 0.00, 9.00, 8.00),
(112, 129, 7, 0, 6, 2.40, 9.00, 0.00, 0.00, 9.00, 9.50),
(113, 130, 6, 1, 8, 2.20, 10.00, 0.00, 0.00, 10.00, 10.00),
(114, 131, 5, 0, 5, 2.30, 11.50, 0.00, 0.00, 11.50, 8.80),
(115, 132, 9, 1, 12, 2.80, 10.50, 0.00, 0.00, 10.50, 7.50),
(116, 133, 7, 1, 9, 2.50, 11.00, 0.00, 0.00, 11.00, 7.00),
(117, 134, 9, 0, 8, 2.60, 9.20, 0.00, 0.00, 9.20, 7.20),
(118, 135, 7, 1, 11, 2.90, 12.50, 0.00, 0.00, 12.50, 7.60),
(119, 136, 9, 0, 10, 2.70, 12.80, 0.00, 0.00, 12.80, 8.00),
(120, 137, 5, 1, 7, 3.10, 9.30, 0.00, 0.00, 9.30, 8.30),
(121, 138, 6, 0, 8, 2.80, 10.00, 0.00, 0.00, 10.00, 9.00),
(122, 139, 6, 0, 7, 2.50, 9.50, 0.00, 0.00, 9.50, 9.00),
(123, 140, 8, 1, 9, 2.40, 11.00, 0.00, 0.00, 11.00, 10.00),
(124, 141, 5, 0, 8, 2.30, 10.50, 0.00, 0.00, 10.50, 8.50),
(125, 142, 7, 1, 10, 2.80, 11.50, 0.00, 0.00, 11.50, 7.80),
(126, 143, 6, 0, 8, 2.60, 10.00, 0.00, 0.00, 10.00, 7.30),
(127, 144, 9, 1, 12, 2.70, 12.00, 0.00, 0.00, 12.00, 7.50),
(128, 145, 5, 0, 6, 2.90, 9.30, 0.00, 0.00, 9.30, 7.10),
(129, 146, 8, 1, 9, 2.80, 12.20, 0.00, 0.00, 12.20, 8.00),
(130, 147, 7, 1, 10, 2.50, 11.70, 0.00, 0.00, 11.70, 8.20),
(131, 148, 6, 0, 8, 2.60, 10.80, 0.00, 0.00, 10.80, 9.10),
(132, 149, 6, 1, 8, 2.70, 10.80, 0.00, 0.00, 10.80, 9.30),
(133, 150, 7, 0, 9, 2.40, 11.20, 0.00, 0.00, 11.20, 10.20),
(134, 151, 8, 1, 10, 2.50, 12.50, 0.00, 0.00, 12.50, 9.80),
(135, 152, 9, 0, 7, 2.60, 11.30, 0.00, 0.00, 11.30, 8.70),
(136, 153, 6, 1, 9, 2.50, 12.00, 0.00, 0.00, 12.00, 10.10),
(137, 154, 7, 1, 10, 2.70, 13.00, 0.00, 0.00, 13.00, 8.90),
(138, 155, 8, 0, 6, 2.40, 9.80, 0.00, 0.00, 9.80, 7.50),
(139, 156, 9, 1, 8, 2.50, 12.10, 0.00, 0.00, 12.10, 9.30),
(140, 157, 6, 0, 7, 2.60, 10.90, 0.00, 0.00, 10.90, 7.60),
(141, 158, 7, 1, 8, 2.70, 11.40, 0.00, 0.00, 11.40, 8.20),
(142, 159, 6, 0, 9, 2.60, 11.40, 0.00, 0.00, 11.40, 10.50),
(143, 160, 7, 1, 8, 2.50, 10.00, 0.00, 0.00, 10.00, 11.00),
(144, 161, 8, 1, 9, 2.40, 10.80, 0.00, 0.00, 10.80, 9.90),
(145, 162, 9, 0, 6, 2.70, 10.80, 0.00, 0.00, 10.80, 9.70),
(146, 163, 6, 1, 7, 2.60, 10.40, 0.00, 0.00, 10.40, 10.20),
(147, 164, 7, 0, 8, 2.50, 11.00, 0.00, 0.00, 11.00, 8.80),
(148, 165, 8, 1, 7, 2.60, 10.60, 0.00, 0.00, 10.60, 9.60),
(149, 166, 9, 0, 6, 2.70, 11.20, 0.00, 0.00, 11.20, 10.30),
(150, 167, 6, 1, 8, 2.50, 10.90, 0.00, 0.00, 10.90, 8.90),
(151, 168, 7, 0, 9, 2.60, 11.40, 0.00, 0.00, 11.40, 9.80),
(152, 169, 6, 1, 7, 2.60, 10.40, 0.00, 0.00, 10.40, 10.20),
(153, 170, 7, 0, 9, 2.50, 11.20, 0.00, 0.00, 11.20, 10.80),
(154, 171, 8, 1, 8, 2.40, 10.10, 0.00, 0.00, 10.10, 9.70),
(155, 172, 9, 0, 6, 2.70, 11.20, 0.00, 0.00, 11.20, 10.50),
(156, 173, 6, 1, 7, 2.60, 10.80, 0.00, 0.00, 10.80, 9.90),
(157, 174, 7, 0, 9, 2.50, 11.40, 0.00, 0.00, 11.40, 10.10),
(158, 175, 8, 1, 7, 2.60, 10.50, 0.00, 0.00, 10.50, 9.80),
(159, 176, 9, 0, 6, 2.70, 11.40, 0.00, 0.00, 11.40, 10.40),
(160, 177, 6, 1, 8, 2.50, 11.00, 0.00, 0.00, 11.00, 9.60),
(161, 178, 7, 0, 9, 2.60, 11.20, 0.00, 0.00, 11.20, 10.00),
(162, 179, 6, 1, 7, 2.50, 10.70, 0.00, 0.00, 10.70, 10.30),
(163, 180, 7, 0, 9, 2.40, 11.00, 0.00, 0.00, 11.00, 10.60),
(164, 181, 8, 1, 8, 2.50, 10.90, 0.00, 0.00, 10.90, 9.90),
(165, 182, 9, 0, 6, 2.60, 11.30, 0.00, 0.00, 11.30, 10.50),
(166, 183, 6, 1, 7, 2.50, 10.80, 0.00, 0.00, 10.80, 9.80),
(167, 184, 7, 0, 9, 2.40, 11.40, 0.00, 0.00, 11.40, 10.20),
(168, 185, 8, 1, 7, 2.60, 10.60, 0.00, 0.00, 10.60, 10.00),
(169, 186, 9, 0, 6, 2.70, 11.50, 0.00, 0.00, 11.50, 10.30),
(170, 187, 6, 1, 8, 2.50, 11.20, 0.00, 0.00, 11.20, 9.70),
(171, 188, 7, 0, 9, 2.60, 11.40, 0.00, 0.00, 11.40, 10.10),
(172, 189, 6, 1, 8, 2.50, 11.50, 0.00, 0.00, 11.50, 10.40),
(173, 190, 7, 0, 10, 2.40, 12.00, 0.00, 0.00, 12.00, 10.80),
(174, 191, 8, 1, 7, 2.50, 11.30, 0.00, 0.00, 11.30, 10.10),
(175, 192, 9, 0, 8, 2.60, 11.50, 0.00, 0.00, 11.50, 10.30),
(176, 193, 6, 1, 9, 2.50, 11.60, 0.00, 0.00, 11.60, 10.20),
(177, 194, 7, 0, 10, 2.40, 11.70, 0.00, 0.00, 11.70, 10.40),
(178, 195, 8, 1, 7, 2.60, 11.80, 0.00, 0.00, 11.80, 10.50),
(179, 196, 9, 0, 8, 2.70, 12.00, 0.00, 0.00, 12.00, 10.60),
(180, 197, 6, 1, 7, 2.50, 11.40, 0.00, 0.00, 11.40, 10.10),
(181, 198, 7, 0, 9, 2.60, 11.90, 0.00, 0.00, 11.90, 10.80),
(182, 201, 6, 1, 10, 3.90, 48.00, 7.00, 2.00, 39.00, 8.00),
(183, 201, 12, 0, 5, 0.00, 0.00, 0.00, 0.00, 0.00, 5.00),
(188, 205, 12, 0, 5, 0.00, 0.00, 0.00, 0.00, 0.00, 8.00),
(189, 206, 12, 0, 5, 0.00, 0.00, 0.00, 0.00, 0.00, 8.00),
(190, 207, 11, 0, 5, 0.00, 0.00, 0.00, 0.00, 0.00, 3.50),
(191, 208, 11, 0, 5, 0.00, 0.00, 0.00, 0.00, 0.00, 3.50),
(192, 209, 12, 0, 5, 0.00, 0.00, 0.00, 0.00, 0.00, 4.90),
(193, 210, 12, 0, 5, 0.00, 0.00, 0.00, 0.00, 0.00, 5.00),
(194, 211, 11, 0, 5, 0.00, 0.00, 0.00, 0.00, 0.00, 3.50),
(195, 212, 12, 0, 5, 0.00, 0.00, 0.00, 0.00, 0.00, 5.00),
(196, 213, 12, 1, 1, -1.00, 1.00, 1.00, 1.00, -1.00, 5.00),
(197, 213, 10, 0, 0, 0.00, 0.00, 0.00, 0.00, 0.00, 4.00),
(198, 213, 11, 0, 0, 0.00, 0.00, 0.00, 0.00, 0.00, 3.50),
(199, 213, 11, 0, 0, 0.00, 0.00, 0.00, 0.00, 0.00, 3.50),
(200, 214, 11, 1, 1, 0.00, 0.00, 1.00, 1.00, 0.00, 3.50),
(201, 215, 12, 0, 0, 0.00, 0.00, 0.00, 0.00, 0.00, 10.00),
(202, 216, 12, 0, 2, 0.00, 0.00, 0.00, 0.00, 0.00, 10.00),
(203, 216, 11, 0, 1, 0.00, 0.00, 0.00, 0.00, 0.00, 3.50),
(204, 216, 10, 0, 1, 0.00, 0.00, 0.00, 0.00, 0.00, 4.00),
(205, 216, 5, 0, 2, 0.00, 0.00, 0.00, 0.00, 0.00, 7.00);

-- --------------------------------------------------------

--
-- Estructura de tabla para la tabla `egresos`
--

CREATE TABLE `egresos` (
  `id_egreso` int(11) NOT NULL,
  `id_persona` int(11) NOT NULL,
  `id_usuario` int(11) NOT NULL,
  `fecha_egre` date NOT NULL,
  `hora_egreso` text NOT NULL,
  `tipo_comprobante` varchar(20) NOT NULL,
  `serie_comprobante` varchar(10) NOT NULL,
  `num_comprobante` varchar(10) NOT NULL,
  `impuesto` decimal(10,2) DEFAULT NULL,
  `total_compra` decimal(10,2) NOT NULL,
  `total_pago` decimal(10,2) NOT NULL,
  `subTotal` decimal(10,2) NOT NULL,
  `igv` decimal(10,2) DEFAULT NULL,
  `tipo_pago` varchar(30) NOT NULL,
  `estado_pago` varchar(50) NOT NULL,
  `pago_e_y` varchar(50) NOT NULL,
  `fecha_egreso` datetime DEFAULT current_timestamp()
) ENGINE=InnoDB DEFAULT CHARSET=utf8mb4 COLLATE=utf8mb4_spanish_ci;

--
-- Volcado de datos para la tabla `egresos`
--

INSERT INTO `egresos` (`id_egreso`, `id_persona`, `id_usuario`, `fecha_egre`, `hora_egreso`, `tipo_comprobante`, `serie_comprobante`, `num_comprobante`, `impuesto`, `total_compra`, `total_pago`, `subTotal`, `igv`, `tipo_pago`, `estado_pago`, `pago_e_y`, `fecha_egreso`) VALUES
(5, 30, 10, '2024-12-01', '05:44:00 PM', 'boleta', 'B123', '01', 0.00, 319.20, 319.20, 319.20, 0.00, 'contado', 'completado', '', '2024-12-01 17:44:01'),
(6, 30, 10, '2024-12-01', '05:47:17 PM', 'boleta', 'B123', '02', 18.00, 535.25, 535.25, 453.60, 81.65, 'contado', 'completado', '', '2024-12-01 17:47:18'),
(7, 32, 10, '2024-12-01', '05:50:50 PM', 'factura', 'F999', '01', 18.00, 887.36, 887.36, 752.00, 135.36, 'contado', 'completado', '', '2024-12-01 17:50:51'),
(8, 32, 10, '2024-12-01', '05:56:21 PM', 'ticket', 'T123', '01', 0.00, 317.40, 317.40, 317.40, 0.00, 'contado', 'completado', '', '2024-12-01 17:56:21'),
(10, 39, 10, '2024-12-02', '06:57:04 AM', 'boleta', 'B122', '03', 0.00, 223.20, 223.20, 223.20, 0.00, 'contado', 'completado', '', '2024-12-02 06:57:05'),
(11, 37, 10, '2024-10-14', '07:59:44 AM', 'boleta', 'B234', '23', 0.00, 116.00, 116.00, 116.00, 0.00, 'contado', 'completado', '', '2024-12-02 07:59:45'),
(12, 40, 10, '2024-12-02', '08:01:47 AM', 'boleta', 'B234', '2', 0.00, 141.00, 141.00, 141.00, 0.00, 'contado', 'completado', '', '2024-12-02 08:01:48'),
(13, 40, 10, '2024-12-02', '08:03:01 AM', 'factura', 'D234', '23', 0.00, 128.00, 128.00, 128.00, 0.00, 'contado', 'completado', '', '2024-12-02 08:03:01'),
(14, 38, 10, '2024-08-01', '04:02:28 PM', 'factura', 'F234', '05', 0.00, 216.00, 216.00, 216.00, 0.00, 'contado', 'completado', '', '2024-12-02 16:02:29'),
(15, 38, 10, '2024-08-01', '04:04:03 PM', 'factura', 'F123', '03', 18.00, 754.02, 754.02, 639.00, 115.02, 'contado', 'completado', '', '2024-12-02 16:04:03'),
(16, 38, 10, '2024-12-03', '04:04:03 PM', 'factura', 'F123', '03', 18.00, 754.02, 754.02, 639.00, 115.02, 'contado', 'completado', '', '2024-12-03 16:04:03'),
(17, 40, 10, '2024-12-04', '08:03:01 AM', 'boleta', 'B456', '24', 0.00, 228.00, 228.00, 228.00, 0.00, 'contado', 'completado', '', '2024-12-04 08:03:01'),
(18, 32, 10, '2024-12-05', '05:50:50 PM', 'ticket', 'T456', '02', 0.00, 687.36, 687.36, 687.36, 0.00, 'contado', 'completado', '', '2024-12-05 17:50:51'),
(19, 30, 10, '2024-12-06', '05:44:00 PM', 'factura', 'F789', '04', 18.00, 519.20, 519.20, 440.00, 79.20, 'contado', 'completado', '', '2024-12-06 17:44:01'),
(20, 39, 10, '2024-12-07', '06:57:04 AM', 'boleta', 'B789', '05', 0.00, 323.20, 323.20, 323.20, 0.00, 'contado', 'completado', '', '2024-12-07 06:57:05'),
(21, 37, 10, '2024-12-08', '07:59:44 AM', 'factura', 'F012', '06', 18.00, 316.00, 316.00, 268.00, 48.00, 'contado', 'completado', '', '2024-12-08 07:59:45'),
(22, 40, 10, '2024-12-09', '08:01:47 AM', 'ticket', 'T789', '03', 0.00, 241.00, 241.00, 241.00, 0.00, 'contado', 'completado', '', '2024-12-09 08:01:48'),
(23, 32, 10, '2024-12-10', '05:56:21 PM', 'boleta', 'B234', '07', 18.00, 417.40, 417.40, 354.00, 63.40, 'contado', 'completado', '', '2024-12-10 17:56:21'),
(24, 30, 10, '2024-12-11', '05:47:17 PM', 'factura', 'F345', '05', 0.00, 635.25, 635.25, 635.25, 0.00, 'contado', 'completado', '', '2024-12-11 17:47:18'),
(25, 38, 10, '2024-12-12', '04:02:28 PM', 'boleta', 'B567', '08', 18.00, 316.00, 316.00, 268.00, 48.00, 'contado', 'completado', '', '2024-12-12 16:02:29'),
(26, 38, 10, '2024-09-03', '04:04:03 PM', 'factura', 'F123', '03', 18.00, 754.02, 754.02, 639.00, 115.02, 'contado', 'completado', '', '2024-09-03 16:04:03'),
(27, 40, 10, '2024-08-14', '08:03:01 AM', 'boleta', 'B456', '24', 0.00, 228.00, 228.00, 228.00, 0.00, 'contado', 'completado', '', '2024-08-14 08:03:01'),
(28, 32, 10, '2024-07-25', '05:50:50 PM', 'ticket', 'T456', '02', 0.00, 687.36, 687.36, 687.36, 0.00, 'contado', 'completado', '', '2024-07-25 17:50:51'),
(29, 30, 10, '2024-06-16', '05:44:00 PM', 'factura', 'F789', '04', 18.00, 519.20, 519.20, 440.00, 79.20, 'contado', 'completado', '', '2024-06-16 17:44:01'),
(30, 39, 10, '2024-05-07', '06:57:04 AM', 'boleta', 'B789', '05', 0.00, 323.20, 323.20, 323.20, 0.00, 'contado', 'completado', '', '2024-05-07 06:57:05'),
(31, 37, 10, '2024-04-28', '07:59:44 AM', 'factura', 'F012', '06', 18.00, 316.00, 316.00, 268.00, 48.00, 'contado', 'completado', '', '2024-04-28 07:59:45'),
(32, 40, 10, '2024-03-19', '08:01:47 AM', 'ticket', 'T789', '03', 0.00, 241.00, 241.00, 241.00, 0.00, 'contado', 'completado', '', '2024-03-19 08:01:48'),
(33, 32, 10, '2024-02-10', '05:56:21 PM', 'boleta', 'B234', '07', 18.00, 417.40, 417.40, 354.00, 63.40, 'contado', 'completado', '', '2024-02-10 17:56:21'),
(34, 30, 10, '2024-01-01', '05:47:17 PM', 'factura', 'F345', '05', 0.00, 635.25, 635.25, 635.25, 0.00, 'contado', 'completado', '', '2024-01-01 17:47:18'),
(35, 38, 10, '2023-12-22', '04:02:28 PM', 'boleta', 'B567', '08', 18.00, 316.00, 316.00, 268.00, 48.00, 'contado', 'completado', '', '2023-12-22 16:02:29'),
(36, 38, 10, '2023-11-15', '04:04:03 PM', 'factura', 'F124', '04', 18.00, 754.02, 754.02, 639.00, 115.02, 'contado', 'completado', '', '2023-11-15 16:04:03'),
(37, 40, 10, '2023-10-06', '08:03:01 AM', 'boleta', 'B457', '25', 0.00, 228.00, 228.00, 228.00, 0.00, 'contado', 'completado', '', '2023-10-06 08:03:01'),
(38, 32, 10, '2023-09-17', '05:50:50 PM', 'ticket', 'T457', '03', 0.00, 687.36, 687.36, 687.36, 0.00, 'contado', 'completado', '', '2023-09-17 17:50:51'),
(39, 30, 10, '2023-08-08', '05:44:00 PM', 'factura', 'F790', '05', 18.00, 519.20, 519.20, 440.00, 79.20, 'contado', 'completado', '', '2023-08-08 17:44:01'),
(40, 39, 10, '2023-07-29', '06:57:04 AM', 'boleta', 'B790', '06', 0.00, 323.20, 323.20, 323.20, 0.00, 'contado', 'completado', '', '2023-07-29 06:57:05'),
(41, 37, 10, '2023-06-20', '07:59:44 AM', 'factura', 'F013', '07', 18.00, 316.00, 316.00, 268.00, 48.00, 'contado', 'completado', '', '2023-06-20 07:59:45'),
(42, 40, 10, '2023-05-11', '08:01:47 AM', 'ticket', 'T790', '04', 0.00, 241.00, 241.00, 241.00, 0.00, 'contado', 'completado', '', '2023-05-11 08:01:48'),
(43, 32, 10, '2023-04-02', '05:56:21 PM', 'boleta', 'B235', '08', 18.00, 417.40, 417.40, 354.00, 63.40, 'contado', 'completado', '', '2023-04-02 17:56:21'),
(44, 30, 10, '2023-03-23', '05:47:17 PM', 'factura', 'F346', '06', 0.00, 635.25, 635.25, 635.25, 0.00, 'contado', 'completado', '', '2023-03-23 17:47:18'),
(45, 38, 10, '2023-02-14', '04:02:28 PM', 'boleta', 'B568', '09', 18.00, 316.00, 316.00, 268.00, 48.00, 'contado', 'completado', '', '2023-02-14 16:02:29'),
(46, 38, 10, '2023-01-05', '04:04:03 PM', 'factura', 'F125', '05', 18.00, 754.02, 754.02, 639.00, 115.02, 'contado', 'completado', '', '2023-01-05 16:04:03'),
(47, 40, 10, '2022-12-27', '08:03:01 AM', 'boleta', 'B458', '26', 0.00, 228.00, 228.00, 228.00, 0.00, 'contado', 'completado', '', '2022-12-27 08:03:01'),
(48, 32, 10, '2022-11-18', '05:50:50 PM', 'ticket', 'T458', '04', 0.00, 687.36, 687.36, 687.36, 0.00, 'contado', 'completado', '', '2022-11-18 17:50:51'),
(49, 30, 10, '2022-10-09', '05:44:00 PM', 'factura', 'F791', '06', 18.00, 519.20, 519.20, 440.00, 79.20, 'contado', 'completado', '', '2022-10-09 17:44:01'),
(50, 39, 10, '2022-09-30', '06:57:04 AM', 'boleta', 'B791', '07', 0.00, 323.20, 323.20, 323.20, 0.00, 'contado', 'completado', '', '2022-09-30 06:57:05'),
(51, 37, 10, '2022-08-21', '07:59:44 AM', 'factura', 'F014', '08', 18.00, 316.00, 316.00, 268.00, 48.00, 'contado', 'completado', '', '2022-08-21 07:59:45'),
(52, 40, 10, '2022-07-12', '08:01:47 AM', 'ticket', 'T791', '05', 0.00, 241.00, 241.00, 241.00, 0.00, 'contado', 'completado', '', '2022-07-12 08:01:48'),
(53, 32, 10, '2022-06-03', '05:56:21 PM', 'boleta', 'B236', '09', 18.00, 417.40, 417.40, 354.00, 63.40, 'contado', 'completado', '', '2022-06-03 17:56:21'),
(54, 30, 10, '2022-04-25', '05:47:17 PM', 'factura', 'F347', '07', 0.00, 635.25, 635.25, 635.25, 0.00, 'contado', 'completado', '', '2022-04-25 17:47:18'),
(55, 38, 10, '2022-03-16', '04:02:28 PM', 'boleta', 'B569', '10', 18.00, 316.00, 316.00, 268.00, 48.00, 'contado', 'completado', '', '2022-03-16 16:02:29'),
(56, 38, 10, '2022-02-14', '04:04:03 PM', 'factura', 'F126', '06', 18.00, 754.02, 754.02, 639.00, 115.02, 'contado', 'completado', '', '2022-02-14 16:04:03'),
(57, 40, 10, '2022-01-05', '08:03:01 AM', 'boleta', 'B459', '27', 0.00, 228.00, 228.00, 228.00, 0.00, 'contado', 'completado', '', '2022-01-05 08:03:01'),
(58, 32, 10, '2021-12-27', '05:50:50 PM', 'ticket', 'T459', '05', 0.00, 687.36, 687.36, 687.36, 0.00, 'contado', 'completado', '', '2021-12-27 17:50:51'),
(59, 30, 10, '2021-11-18', '05:44:00 PM', 'factura', 'F792', '07', 18.00, 519.20, 519.20, 440.00, 79.20, 'contado', 'completado', '', '2021-11-18 17:44:01'),
(60, 39, 10, '2021-10-09', '06:57:04 AM', 'boleta', 'B792', '08', 0.00, 323.20, 323.20, 323.20, 0.00, 'contado', 'completado', '', '2021-10-09 06:57:05'),
(61, 37, 10, '2021-08-30', '07:59:44 AM', 'factura', 'F015', '09', 18.00, 316.00, 316.00, 268.00, 48.00, 'contado', 'completado', '', '2021-08-30 07:59:45'),
(62, 40, 10, '2021-07-21', '08:01:47 AM', 'ticket', 'T792', '06', 0.00, 241.00, 241.00, 241.00, 0.00, 'contado', 'completado', '', '2021-07-21 08:01:48'),
(63, 32, 10, '2021-06-12', '05:56:21 PM', 'boleta', 'B237', '10', 18.00, 417.40, 417.40, 354.00, 63.40, 'contado', 'completado', '', '2021-06-12 17:56:21'),
(64, 30, 10, '2021-05-03', '05:47:17 PM', 'factura', 'F348', '08', 0.00, 635.25, 635.25, 635.25, 0.00, 'contado', 'completado', '', '2021-05-03 17:47:18'),
(65, 38, 10, '2021-03-25', '04:02:28 PM', 'boleta', 'B570', '11', 18.00, 316.00, 316.00, 268.00, 48.00, 'contado', 'completado', '', '2021-03-25 16:02:29'),
(66, 36, 10, '2024-12-03', '07:00:52 PM', 'factura', 'F123', '01', 0.00, 206.40, 206.40, 206.40, 0.00, 'contado', 'completado', '', '2024-12-03 19:00:52'),
(67, 32, 10, '2024-12-04', '07:16:34 PM', 'ticket', 'F00123', '12', 0.00, 30.00, 30.00, 30.00, 0.00, 'contado', 'completado', '', '2024-12-03 19:16:34'),
(68, 36, 10, '2024-12-04', '07:27:08 PM', 'boleta', 'F0012', '12', 0.00, 40.00, 40.00, 40.00, 0.00, 'contado', 'completado', '', '2024-12-03 19:27:09'),
(69, 39, 10, '2024-12-04', '07:41:18 PM', 'factura', '1F123', '03', 0.00, 165.00, 165.00, 165.00, 0.00, 'contado', 'completado', '', '2024-12-03 19:41:18'),
(70, 39, 10, '2024-12-04', '06:03:32 PM', 'boleta', 'F0123', '04', 0.00, 195.00, 195.00, 195.00, 0.00, 'contado', 'completado', '', '2024-12-04 18:03:32'),
(71, 30, 10, '2024-12-06', '04:17:11 PM', 'factura', '122444', '4447777', 0.00, 100.00, 100.00, 100.00, 0.00, 'contado', 'completado', '', '2024-12-06 14:17:23');

-- --------------------------------------------------------

--
-- Estructura de tabla para la tabla `historial_pagos`
--

CREATE TABLE `historial_pagos` (
  `id_pago` int(11) NOT NULL,
  `id_venta` int(11) NOT NULL,
  `monto_pago` decimal(10,2) NOT NULL,
  `forma_pago` varchar(20) NOT NULL,
  `numero_serie_pago` varchar(50) DEFAULT NULL,
  `comprobante_imagen` varchar(255) DEFAULT NULL,
  `fecha_registro` datetime DEFAULT current_timestamp()
) ENGINE=InnoDB DEFAULT CHARSET=utf8mb4 COLLATE=utf8mb4_spanish_ci;

--
-- Volcado de datos para la tabla `historial_pagos`
--

INSERT INTO `historial_pagos` (`id_pago`, `id_venta`, `monto_pago`, `forma_pago`, `numero_serie_pago`, `comprobante_imagen`, `fecha_registro`) VALUES
(94, 98, 0.00, 'yape', NULL, '../vistas/img/comprobantes/202412020009529741.jpeg', '2024-12-01 18:00:57'),
(95, 99, 0.00, 'yape', NULL, '../vistas/img/comprobantes/202412020010586860.jpg', '2024-12-01 18:10:58'),
(96, 100, 0.00, 'pago_efectivo', NULL, NULL, '2024-12-01 18:12:40'),
(97, 100, 50.00, 'pago_efectivo', NULL, NULL, '2024-12-01 18:13:07'),
(98, 100, 30.00, 'pago_efectivo', NULL, '../vistas/img/comprobantes/202412020014327113.jpg', '2024-12-01 18:14:32'),
(99, 101, 0.00, 'tarjeta_credito', '74578943798432', NULL, '2024-12-01 18:16:29'),
(100, 102, 0.00, 'pago_efectivo', NULL, NULL, '2024-12-01 18:19:43'),
(101, 103, 0.00, 'yape', NULL, '../vistas/img/comprobantes/202412021346578766.jpg', '2024-12-02 07:46:57'),
(103, 104, 5.00, 'yape', NULL, '../vistas/img/comprobantes/202412021356167665.jpg', '2024-12-02 07:56:16'),
(104, 106, 23.38, 'yape', NULL, '../vistas/img/comprobantes/202412021357463849.jpg', '2024-12-02 07:57:46'),
(105, 107, 0.00, 'pago_efectivo', NULL, NULL, '2024-12-02 08:04:59'),
(106, 108, 0.00, 'tarjeta_credito', '86348686324345', NULL, '2024-12-02 08:06:41'),
(110, 109, 50.00, 'yape', NULL, '../vistas/img/comprobantes/202410010010000001.jpg', '2024-10-01 18:00:01'),
(111, 110, 120.00, 'tarjeta_credito', '74578943798432', NULL, '2024-09-15 19:10:01'),
(112, 111, 75.00, 'pago_efectivo', NULL, NULL, '2024-08-10 17:30:01'),
(113, 112, 85.00, 'yape', NULL, '../vistas/img/comprobantes/202407200200001234.jpg', '2024-07-20 16:45:01'),
(114, 113, 150.00, 'tarjeta_credito', '74578943798432', NULL, '2024-06-15 15:30:01'),
(115, 114, 100.00, 'pago_efectivo', NULL, NULL, '2024-05-10 09:00:01'),
(116, 115, 120.00, 'yape', NULL, '../vistas/img/comprobantes/202404010100002345.jpg', '2024-04-01 11:20:01'),
(117, 116, 180.00, 'tarjeta_credito', '74578943798432', NULL, '2024-03-10 13:15:01'),
(118, 117, 130.00, 'pago_efectivo', NULL, NULL, '2024-02-20 10:00:01'),
(119, 118, 70.00, 'yape', NULL, '../vistas/img/comprobantes/202401050100002467.jpg', '2024-01-05 12:00:01'),
(120, 119, 60.00, 'yape', NULL, '../vistas/img/comprobantes/202412100100003456.jpg', '2024-12-10 11:00:01'),
(121, 120, 130.00, 'tarjeta_credito', '74578943798433', NULL, '2024-11-15 14:30:01'),
(122, 121, 90.00, 'pago_efectivo', NULL, NULL, '2024-10-20 16:00:01'),
(123, 122, 80.00, 'yape', NULL, '../vistas/img/comprobantes/202409051200002789.jpg', '2024-09-05 12:00:01'),
(124, 123, 170.00, 'tarjeta_credito', '74578943798434', NULL, '2024-08-25 15:00:01'),
(125, 124, 110.00, 'pago_efectivo', NULL, NULL, '2024-07-30 18:00:01'),
(126, 125, 95.00, 'yape', NULL, '../vistas/img/comprobantes/202406181300003012.jpg', '2024-06-18 13:00:01'),
(127, 126, 160.00, 'tarjeta_credito', '74578943798435', NULL, '2024-05-10 09:00:01'),
(128, 127, 140.00, 'pago_efectivo', NULL, NULL, '2024-04-15 10:30:01'),
(129, 128, 120.00, 'yape', NULL, '../vistas/img/comprobantes/202403251430002345.jpg', '2024-03-25 14:30:01'),
(130, 129, 75.00, 'yape', NULL, '../vistas/img/comprobantes/202412051000002345.jpg', '2024-12-05 10:00:01'),
(131, 130, 140.00, 'tarjeta_credito', '74578943798436', NULL, '2024-11-20 15:00:01'),
(132, 131, 105.00, 'pago_efectivo', NULL, NULL, '2024-10-12 14:00:01'),
(133, 132, 80.00, 'yape', NULL, '../vistas/img/comprobantes/202409181130001234.jpg', '2024-09-18 11:30:01'),
(134, 133, 150.00, 'tarjeta_credito', '74578943798437', NULL, '2024-08-30 13:30:01'),
(135, 134, 95.00, 'pago_efectivo', NULL, NULL, '2024-07-05 16:30:01'),
(136, 135, 65.00, 'yape', NULL, '../vistas/img/comprobantes/202406251700005678.jpg', '2024-06-25 17:00:01'),
(137, 136, 110.00, 'tarjeta_credito', '74578943798438', NULL, '2024-05-18 10:00:01'),
(138, 137, 120.00, 'pago_efectivo', NULL, NULL, '2024-04-08 12:30:01'),
(139, 138, 85.00, 'yape', NULL, '../vistas/img/comprobantes/202403121430003456.jpg', '2024-03-12 14:30:01'),
(140, 139, 95.00, 'yape', NULL, '../vistas/img/comprobantes/202412081100002345.jpg', '2024-12-08 11:00:01'),
(141, 140, 160.00, 'tarjeta_credito', '74578943798439', NULL, '2024-11-21 13:00:01'),
(142, 141, 110.00, 'pago_efectivo', NULL, NULL, '2024-10-14 15:00:01'),
(143, 142, 85.00, 'yape', NULL, '../vistas/img/comprobantes/202409221030001234.jpg', '2024-09-22 10:30:01'),
(144, 143, 150.00, 'tarjeta_credito', '74578943798440', NULL, '2024-08-10 16:00:01'),
(145, 144, 100.00, 'pago_efectivo', NULL, NULL, '2024-07-20 17:30:01'),
(146, 145, 70.00, 'yape', NULL, '../vistas/img/comprobantes/202406301200006789.jpg', '2024-06-30 12:00:01'),
(147, 146, 130.00, 'tarjeta_credito', '74578943798441', NULL, '2024-05-15 14:00:01'),
(148, 147, 120.00, 'pago_efectivo', NULL, NULL, '2024-04-05 15:30:01'),
(149, 148, 80.00, 'yape', NULL, '../vistas/img/comprobantes/202403151130003456.jpg', '2024-03-15 11:30:01'),
(150, 149, 115.00, 'yape', NULL, '../vistas/img/comprobantes/202412091400002345.jpg', '2024-12-09 14:00:01'),
(151, 150, 135.00, 'tarjeta_credito', '74578943798442', NULL, '2024-11-18 11:30:01'),
(152, 151, 95.00, 'pago_efectivo', NULL, NULL, '2024-10-05 09:30:01'),
(153, 152, 120.00, 'yape', NULL, '../vistas/img/comprobantes/202409251630001234.jpg', '2024-09-25 16:30:01'),
(154, 153, 160.00, 'tarjeta_credito', '74578943798443', NULL, '2024-08-22 13:00:01'),
(155, 154, 140.00, 'pago_efectivo', NULL, NULL, '2024-07-30 10:00:01'),
(156, 155, 110.00, 'yape', NULL, '../vistas/img/comprobantes/202406101700009876.jpg', '2024-06-10 17:00:01'),
(157, 156, 180.00, 'tarjeta_credito', '74578943798444', NULL, '2024-05-25 14:30:01'),
(158, 157, 90.00, 'pago_efectivo', NULL, NULL, '2024-04-12 15:00:01'),
(159, 158, 75.00, 'yape', NULL, '../vistas/img/comprobantes/202403011100001234.jpg', '2024-03-01 11:00:01'),
(160, 159, 125.00, 'yape', NULL, '../vistas/img/comprobantes/202412101000002345.jpg', '2024-12-10 10:00:01'),
(161, 160, 150.00, 'tarjeta_credito', '74578943798445', NULL, '2024-11-20 12:30:01'),
(162, 161, 110.00, 'pago_efectivo', NULL, NULL, '2024-10-15 15:00:01'),
(163, 162, 135.00, 'yape', NULL, '../vistas/img/comprobantes/202409181300001234.jpg', '2024-09-18 13:00:01'),
(164, 163, 170.00, 'tarjeta_credito', '74578943798446', NULL, '2024-08-30 10:00:01'),
(165, 164, 95.00, 'pago_efectivo', NULL, NULL, '2024-07-22 14:00:01'),
(166, 165, 125.00, 'yape', NULL, '../vistas/img/comprobantes/202406080930001234.jpg', '2024-06-08 09:30:01'),
(167, 166, 145.00, 'tarjeta_credito', '74578943798447', NULL, '2024-05-18 11:00:01'),
(168, 167, 155.00, 'pago_efectivo', NULL, NULL, '2024-04-25 17:00:01'),
(169, 168, 110.00, 'yape', NULL, '../vistas/img/comprobantes/202403101530001234.jpg', '2024-03-10 15:30:01'),
(170, 169, 130.00, 'yape', NULL, '../vistas/img/comprobantes/202412151600002345.jpg', '2024-12-15 16:00:01'),
(171, 170, 160.00, 'tarjeta_credito', '74578943798448', NULL, '2024-11-12 11:00:01'),
(172, 171, 120.00, 'pago_efectivo', NULL, NULL, '2024-10-05 15:30:01'),
(173, 172, 140.00, 'yape', NULL, '../vistas/img/comprobantes/202409121400001234.jpg', '2024-09-12 14:00:01'),
(174, 173, 175.00, 'tarjeta_credito', '74578943798449', NULL, '2024-08-25 13:00:01'),
(175, 174, 100.00, 'pago_efectivo', NULL, NULL, '2024-07-18 16:00:01'),
(176, 175, 110.00, 'yape', NULL, '../vistas/img/comprobantes/202406221030001234.jpg', '2024-06-22 10:30:01'),
(177, 176, 150.00, 'tarjeta_credito', '74578943798450', NULL, '2024-05-13 14:30:01'),
(178, 177, 130.00, 'pago_efectivo', NULL, NULL, '2024-04-02 17:00:01'),
(179, 178, 140.00, 'yape', NULL, '../vistas/img/comprobantes/202403161300001234.jpg', '2024-03-16 13:00:01'),
(180, 179, 145.00, 'yape', NULL, '../vistas/img/comprobantes/202412181500001234.jpg', '2024-12-18 15:00:01'),
(181, 180, 160.00, 'tarjeta_credito', '74578943798451', NULL, '2024-11-30 14:00:01'),
(182, 181, 130.00, 'pago_efectivo', NULL, NULL, '2024-10-15 11:30:01'),
(183, 182, 120.00, 'yape', NULL, '../vistas/img/comprobantes/202409201330001234.jpg', '2024-09-20 13:30:01'),
(184, 183, 175.00, 'tarjeta_credito', '74578943798452', NULL, '2024-08-10 16:00:01'),
(185, 184, 140.00, 'pago_efectivo', NULL, NULL, '2024-07-01 10:00:01'),
(186, 185, 130.00, 'yape', NULL, '../vistas/img/comprobantes/202406121530001234.jpg', '2024-06-12 15:30:01'),
(187, 186, 155.00, 'tarjeta_credito', '74578943798453', NULL, '2024-05-25 13:00:01'),
(188, 187, 120.00, 'pago_efectivo', NULL, NULL, '2024-04-22 11:00:01'),
(189, 188, 135.00, 'yape', NULL, '../vistas/img/comprobantes/202403301400001234.jpg', '2024-03-30 14:00:01'),
(190, 189, 160.00, 'yape', NULL, '../vistas/img/comprobantes/202412191000001234.jpg', '2024-12-19 10:00:01'),
(191, 190, 180.00, 'tarjeta_credito', '74578943798454', NULL, '2024-11-30 15:00:01'),
(192, 191, 170.00, 'pago_efectivo', NULL, NULL, '2024-10-22 11:30:01'),
(193, 192, 145.00, 'yape', NULL, '../vistas/img/comprobantes/202409151400001234.jpg', '2024-09-15 14:00:01'),
(194, 193, 190.00, 'tarjeta_credito', '74578943798455', NULL, '2024-08-05 16:30:01'),
(195, 194, 165.00, 'pago_efectivo', NULL, NULL, '2024-07-08 10:30:01'),
(196, 195, 150.00, 'yape', NULL, '../vistas/img/comprobantes/202406181300001234.jpg', '2024-06-18 13:00:01'),
(197, 196, 175.00, 'tarjeta_credito', '74578943798456', NULL, '2024-05-10 12:00:01'),
(198, 197, 155.00, 'pago_efectivo', NULL, NULL, '2024-04-03 13:30:01'),
(199, 198, 145.00, 'yape', NULL, '../vistas/img/comprobantes/202403011130001234.jpg', '2024-03-01 11:30:01'),
(200, 201, 0.00, 'pago_efectivo', NULL, NULL, '2024-12-03 16:58:00'),
(202, 104, 95.00, 'pago_efectivo', NULL, NULL, '2024-12-03 19:05:06'),
(205, 205, 0.00, 'pago_efectivo', NULL, NULL, '2024-12-03 19:17:13'),
(206, 206, 0.00, 'pago_efectivo', NULL, NULL, '2024-12-03 19:23:48'),
(207, 207, 0.00, 'pago_efectivo', NULL, NULL, '2024-12-03 19:26:09'),
(208, 208, 0.00, 'pago_efectivo', NULL, NULL, '2024-12-03 19:26:34'),
(209, 209, 0.00, 'pago_efectivo', NULL, NULL, '2024-12-04 18:05:35'),
(210, 210, 0.00, 'pago_efectivo', NULL, NULL, '2024-12-04 19:04:18'),
(211, 211, 0.00, 'pago_efectivo', NULL, NULL, '2024-12-05 13:59:52'),
(212, 212, 0.00, 'pago_efectivo', NULL, NULL, '2024-12-05 14:04:01'),
(213, 213, 0.00, 'pago_efectivo', NULL, NULL, '2024-12-05 23:41:33'),
(214, 214, 0.00, 'pago_efectivo', NULL, NULL, '2024-12-06 14:20:47'),
(215, 215, 0.00, 'pago_efectivo', '0.00', NULL, '2024-12-07 02:24:58'),
(216, 216, 0.00, 'pago_efectivo', NULL, NULL, '2024-12-08 01:15:17');

-- --------------------------------------------------------

--
-- Estructura de tabla para la tabla `impresora`
--

CREATE TABLE `impresora` (
  `id_impresora` int(11) NOT NULL,
  `nombre` varchar(100) NOT NULL,
  `ip_impresora` varchar(50) DEFAULT NULL,
  `fecha` datetime NOT NULL DEFAULT current_timestamp()
) ENGINE=InnoDB DEFAULT CHARSET=utf8mb4 COLLATE=utf8mb4_spanish_ci;

-- --------------------------------------------------------

--
-- Estructura de tabla para la tabla `pagos_trabajadores`
--

CREATE TABLE `pagos_trabajadores` (
  `id_pagos` int(11) NOT NULL,
  `id_contrato` int(11) NOT NULL,
  `monto_pago` decimal(10,2) NOT NULL,
  `fecha_pago` date DEFAULT NULL,
  `estado_pago` int(11) DEFAULT 1,
  `fecha_pago_default` datetime DEFAULT current_timestamp()
) ENGINE=InnoDB DEFAULT CHARSET=utf8mb4 COLLATE=utf8mb4_spanish_ci;

--
-- Volcado de datos para la tabla `pagos_trabajadores`
--

INSERT INTO `pagos_trabajadores` (`id_pagos`, `id_contrato`, `monto_pago`, `fecha_pago`, `estado_pago`, `fecha_pago_default`) VALUES
(1, 3, 350.00, '2024-12-02', 0, '2024-12-02 10:59:32'),
(2, 4, 1800.00, '2024-12-02', 0, '2024-12-02 11:00:58');

-- --------------------------------------------------------

--
-- Estructura de tabla para la tabla `personas`
--

CREATE TABLE `personas` (
  `id_persona` int(11) NOT NULL,
  `tipo_persona` varchar(50) NOT NULL,
  `razon_social` varchar(100) NOT NULL,
  `id_doc` int(11) NOT NULL,
  `numero_documento` varchar(20) NOT NULL,
  `direccion` varchar(100) DEFAULT NULL,
  `ciudad` varchar(100) DEFAULT NULL,
  `codigo_postal` varchar(20) DEFAULT NULL,
  `telefono` varchar(20) DEFAULT NULL,
  `email` varchar(100) DEFAULT NULL,
  `sitio_web` varchar(100) DEFAULT NULL,
  `estado_persona` int(11) DEFAULT 1,
  `tipo_banco` varchar(50) NOT NULL,
  `numero_cuenta` varchar(50) DEFAULT NULL,
  `fecha_persona` datetime DEFAULT current_timestamp()
) ENGINE=InnoDB DEFAULT CHARSET=utf8mb4 COLLATE=utf8mb4_spanish_ci;

--
-- Volcado de datos para la tabla `personas`
--

INSERT INTO `personas` (`id_persona`, `tipo_persona`, `razon_social`, `id_doc`, `numero_documento`, `direccion`, `ciudad`, `codigo_postal`, `telefono`, `email`, `sitio_web`, `estado_persona`, `tipo_banco`, `numero_cuenta`, `fecha_persona`) VALUES
(30, 'proveedor', 'Avicola', 2, '20345727161', 'Via San Carlos #345', 'Lima centro', '', '920468500', 'avicola@gmail.com', '', 1, 'null', '', '2024-12-01 17:21:45'),
(31, 'cliente', 'Jorge Chavez Huinchoo', 1, '72233458', '', '', '', '', NULL, '', 1, 'null', '', '2024-12-01 17:38:28'),
(32, 'proveedor', 'San cristobal', 2, '20345456667', '', 'Arequipa', '', '923456111', 'sancristobal@gmail.com', '', 1, 'null', '', '2024-12-01 17:39:56'),
(33, 'cliente', 'Luis Dominguez Salas', 1, '23344556', '', '', '', '', NULL, '', 1, 'null', '', '2024-12-01 17:57:46'),
(34, 'cliente', 'Gimena Ramos Ramos', 1, '67788911', '', '', '', '', NULL, '', 1, 'null', '', '2024-12-01 17:58:14'),
(35, 'cliente', 'Cliente genérico', 1, '00000000', '', '', '', '', NULL, '', 1, 'null', '', '2024-12-01 17:58:42'),
(36, 'proveedor', 'Avícola Los Andes', 2, '20123456789', 'Av. Los Próceres 123', 'Lima', '15001', '987654321', 'contacto@losandes.com', 'www.losandes.com', 1, 'BCP', '123-45678901234', '2024-12-02 06:26:15'),
(37, 'proveedor', 'Pescados del Mar S.A', 2, '20456789012', 'Calle El Puerto 45', 'Callao', '07001', '912345678', 'ventas@pescadosdelmar.com', '', 1, 'BBVA', '456-78901234567', '2024-12-02 06:28:33'),
(38, 'proveedor', 'Mariscos del Pacífico', 2, '20567890123', 'Av. La Marina 789', 'Chiclayo', '14001', '934567890', 'info@mariscosdelpacifico.com', '', 1, 'IB', '789-01234567890', '2024-12-02 06:29:53'),
(39, 'proveedor', 'PolloFest S.A.C.', 2, '20678901234', 'Av. Aviadores 321', 'Arequipa', '04001', '998765432', 'contacto@pollofest.com', 'www.pollofest.com', 1, 'SBP', '012-34567890123', '2024-12-02 06:31:01'),
(40, 'proveedor', 'Pesquera El Anzuelo', 2, '20789012345', 'Jr. Pescadores 85', 'Piura', '20001', '945678901', 'ventas@elanzuelo.com', '', 1, 'BN', '345-67890123456', '2024-12-02 06:37:08'),
(41, 'cliente', 'Merlo Taba Pérez', 1, '56677889', '', '', '', '', NULL, '', 1, 'null', '', '2024-12-02 06:58:13');

-- --------------------------------------------------------

--
-- Estructura de tabla para la tabla `productos`
--

CREATE TABLE `productos` (
  `id_producto` int(11) NOT NULL,
  `id_categoria` int(11) NOT NULL,
  `codigo_producto` varchar(20) NOT NULL,
  `nombre_producto` varchar(100) NOT NULL,
  `precio_producto` decimal(10,2) NOT NULL,
  `stock_producto` int(11) DEFAULT NULL,
  `fecha_vencimiento` date DEFAULT NULL,
  `descripcion_producto` text DEFAULT NULL,
  `imagen_producto` varchar(100) DEFAULT NULL,
  `estado_producto` int(11) DEFAULT 1,
  `fecha_producto` datetime DEFAULT current_timestamp()
) ENGINE=InnoDB DEFAULT CHARSET=utf8mb4 COLLATE=utf8mb4_spanish_ci;

--
-- Volcado de datos para la tabla `productos`
--

INSERT INTO `productos` (`id_producto`, `id_categoria`, `codigo_producto`, `nombre_producto`, `precio_producto`, `stock_producto`, `fecha_vencimiento`, `descripcion_producto`, `imagen_producto`, `estado_producto`, `fecha_producto`) VALUES
(5, 3, 'P00B1', 'Pollos B1', 7.00, 294, NULL, 'Pollos para polladas', '../vistas/img/productos/202412051939227611.jpeg', 1, '2024-12-01 17:30:31'),
(6, 3, 'P00B2', 'Pollo B2', 6.20, 56, NULL, 'Pollos para parrillas', '../vistas/img/productos/202412012331317026.jpg', 1, '2024-12-01 17:31:31'),
(7, 4, 'PVA1', 'Pavita A1', 7.00, 52, NULL, 'Pavitas para el horno', '../vistas/img/productos/202412012332182838.jpg', 1, '2024-12-01 17:32:18'),
(8, 5, 'PB1', 'Bonito', 8.00, 135, NULL, 'Pescado bonito', '../vistas/img/productos/202412012332544167.jpg', 1, '2024-12-01 17:32:54'),
(9, 5, 'L0DO', 'Lenguado', 5.00, 150, NULL, 'Lenguado fresco desde norte', '../vistas/img/productos/202412012333525182.jpg', 1, '2024-12-01 17:33:52'),
(10, 6, 'SV001', 'Salchichas viena', 4.00, 39, '2024-12-25', 'Salchichas por paquetes', '../vistas/img/productos/202412021244029395.jpg', 1, '2024-12-02 06:44:02'),
(11, 6, 'ST001', 'Salchichas tipo 1', 3.50, 28, '2024-12-30', 'Salchichas de tipo uno de 25 unidades', '../vistas/img/productos/202412021245291019.jpg', 1, '2024-12-02 06:45:29'),
(12, 6, 'SSF01', 'Salchichas san fernando', 10.00, 80, '2025-01-02', 'Salchichas san fernando', '../vistas/img/productos/202412021247046952.jpg', 1, '2024-12-02 06:47:04');

-- --------------------------------------------------------

--
-- Estructura de tabla para la tabla `rol`
--

CREATE TABLE `rol` (
  `id_rol` int(11) NOT NULL,
  `nombre_rol` varchar(50) NOT NULL,
  `descripcion` text DEFAULT NULL
) ENGINE=InnoDB DEFAULT CHARSET=utf8mb4 COLLATE=utf8mb4_spanish_ci;

--
-- Volcado de datos para la tabla `rol`
--

INSERT INTO `rol` (`id_rol`, `nombre_rol`, `descripcion`) VALUES
(1, 'ADMINISTRADOR', 'Encargado de todo el sistema '),
(2, 'GERENTE', 'Encargado de administrar las tareas del dueño se les asigna '),
(3, 'TRABAJADOR', 'Trabajadores fijos o estables'),
(4, 'AYUDANTE', 'Ayudante temporal de los trabajadores'),
(5, 'FINANZAS', 'Encargado de la contabilidad de los puntos de ventas que se les asigna'),
(7, 'VENDEDOR', 'Registro de caja de las ventas del día'),
(9, 'CEO', 'Updated rol ceo');

-- --------------------------------------------------------

--
-- Estructura de tabla para la tabla `serie_num_comprobante`
--

CREATE TABLE `serie_num_comprobante` (
  `id_serie_num` int(11) NOT NULL,
  `tipo_comprobante_sn` varchar(50) NOT NULL,
  `serie_prefijo` varchar(20) NOT NULL,
  `folio_inicial` int(11) NOT NULL,
  `folio_final` int(11) NOT NULL,
  `fecha_sn` datetime NOT NULL DEFAULT current_timestamp()
) ENGINE=InnoDB DEFAULT CHARSET=utf8mb4 COLLATE=utf8mb4_spanish_ci;

--
-- Volcado de datos para la tabla `serie_num_comprobante`
--

INSERT INTO `serie_num_comprobante` (`id_serie_num`, `tipo_comprobante_sn`, `serie_prefijo`, `folio_inicial`, `folio_final`, `fecha_sn`) VALUES
(10, 'boleta', 'B001', 1, 99, '2024-11-24 16:54:55'),
(11, 'factura', 'F822', 1, 100, '2024-11-24 16:55:08'),
(12, 'ticket', 'T0012', 1, 999, '2024-11-24 16:55:23');

-- --------------------------------------------------------

--
-- Estructura de tabla para la tabla `sucursales`
--

CREATE TABLE `sucursales` (
  `id_sucursal` int(11) NOT NULL,
  `nombre_sucursal` varchar(100) NOT NULL,
  `direccion` varchar(150) NOT NULL,
  `telefono` varchar(20) NOT NULL,
  `estado` int(11) DEFAULT 1
) ENGINE=InnoDB DEFAULT CHARSET=utf8mb4 COLLATE=utf8mb4_spanish_ci;

--
-- Volcado de datos para la tabla `sucursales`
--

INSERT INTO `sucursales` (`id_sucursal`, `nombre_sucursal`, `direccion`, `telefono`, `estado`) VALUES
(4, 'Sucursal Centro', 'Av. Principal 123, Ciudad Central', '123456789', 1),
(5, 'Sucursal Norte', 'Calle Norte 45, Distrito Norte', '987654321', 1),
(6, 'Sucursal Sur', 'Av. Sur 987, Ciudad Sur', '456789123', 1),
(7, 'Sucursal Este', 'Av. Este 567, Barrio Este', '321654987', 1),
(8, 'Sucursal Oeste', 'Calle Oeste 234, Zona Oeste', '789123456', 1),
(9, 'Lim123', 'Lima 001', '978990345', 0),
(10, 'Lim123', 'Lima 001', '978990345', 1);

-- --------------------------------------------------------

--
-- Estructura de tabla para la tabla `tipo_documentos`
--

CREATE TABLE `tipo_documentos` (
  `id_doc` int(11) NOT NULL,
  `nombre_doc` varchar(50) NOT NULL,
  `fecha_doc` datetime DEFAULT current_timestamp()
) ENGINE=InnoDB DEFAULT CHARSET=utf8mb4 COLLATE=utf8mb4_spanish_ci;

--
-- Volcado de datos para la tabla `tipo_documentos`
--

INSERT INTO `tipo_documentos` (`id_doc`, `nombre_doc`, `fecha_doc`) VALUES
(1, 'DNI', '2024-11-22 11:30:04'),
(2, 'RUC', '2024-11-22 11:30:13'),
(3, 'CEDULA', '2024-11-22 11:30:19');

-- --------------------------------------------------------

--
-- Estructura de tabla para la tabla `trabajadores`
--

CREATE TABLE `trabajadores` (
  `id_trabajador` int(11) NOT NULL,
  `nombre` varchar(100) NOT NULL,
  `num_documento` varchar(20) NOT NULL,
  `telefono` varchar(20) NOT NULL,
  `correo` varchar(100) NOT NULL,
  `foto` varchar(100) DEFAULT NULL,
  `cv` varchar(100) DEFAULT NULL,
  `tipo_pago` varchar(50) DEFAULT NULL,
  `num_cuenta` varchar(30) DEFAULT NULL,
  `estado_trabajador` int(11) DEFAULT 1
) ENGINE=InnoDB DEFAULT CHARSET=utf8mb4 COLLATE=utf8mb4_spanish_ci;

--
-- Volcado de datos para la tabla `trabajadores`
--

INSERT INTO `trabajadores` (`id_trabajador`, `nombre`, `num_documento`, `telefono`, `correo`, `foto`, `cv`, `tipo_pago`, `num_cuenta`, `estado_trabajador`) VALUES
(3, 'Juan Pérez', '12345678', '987654321', 'juan.perez@example.com', '../vistas/img/trabajador/202412021410587410.png', '../vistas/pdf/trabajador/202412021414138653.pdf', 'yape', '920468502', 1),
(4, 'Ana Gómez', '23456789', '987654322', '', '', '', 'pago_efectivo', '', 1),
(5, 'Carlos Rodríguez', '34567890', '987654323', 'carlos.rodriguez@example.com', '../vistas/img/trabajador/202412021448124566.png', '../vistas/pdf/trabajador/202412021448122564.pdf', 'tarjeta_credito', '873287238723872332423', 1);

-- --------------------------------------------------------

--
-- Estructura de tabla para la tabla `usuarios`
--

CREATE TABLE `usuarios` (
  `id_usuario` int(11) NOT NULL,
  `id_sucursal` int(11) NOT NULL,
  `nombre_usuario` varchar(100) NOT NULL,
  `telefono` varchar(20) NOT NULL,
  `correo` varchar(100) NOT NULL,
  `usuario` varchar(50) NOT NULL,
  `contrasena` varchar(100) NOT NULL,
  `imagen_usuario` varchar(50) DEFAULT NULL,
  `estado_usuario` int(11) DEFAULT 1,
  `fecha_usuario` datetime DEFAULT current_timestamp()
) ENGINE=InnoDB DEFAULT CHARSET=utf8mb4 COLLATE=utf8mb4_spanish_ci;

--
-- Volcado de datos para la tabla `usuarios`
--

INSERT INTO `usuarios` (`id_usuario`, `id_sucursal`, `nombre_usuario`, `telefono`, `correo`, `usuario`, `contrasena`, `imagen_usuario`, `estado_usuario`, `fecha_usuario`) VALUES
(10, 5, 'Jorge Chavez Huincho', '920468502', 'jorge@gmail.com', 'Apuuray12345', '$2a$07$asxx54ahjppf45sd87a5au.KWXKi/QEnipU29qpDnSWgzsF5pKqrK', '../vistas/img/usuarios/202412022159554898.jpg', 1, '2024-12-01 16:46:48'),
(13, 5, 'Juana', '920468502', 'juana@gmail.com', 'Juana123', '$2a$07$asxx54ahjppf45sd87a5auUY2HhfqwAAHLQahZYZVzKeYSKRAM.LG', '../vistas/img/usuarios/202412012319469551.png', 1, '2024-12-01 17:09:38'),
(14, 5, 'Carlos Huerta', '923456789', 'carlos.huerta@example.com', 'Carlos123', '$2a$07$asxx54ahjppf45sd87a5au/quqc.rFd81zB2NAruwButhAYm9ff7O', '../vistas/img/usuarios/202412021203154949.png', 1, '2024-12-02 06:03:15'),
(15, 7, 'Ana Pérez', '934567890', 'ana.perez@example.com', 'Ana123', '$2a$07$asxx54ahjppf45sd87a5auwQjuVXryXt4i590xAgFP0Y2uMbWEeYa', '../vistas/img/usuarios/202412021204201762.png', 1, '2024-12-02 06:04:20'),
(16, 5, 'Luis Gómez', '998765432', 'luis.gomez@example.com', 'Luis123', '$2a$07$asxx54ahjppf45sd87a5auuHn7V.6ElsnJiC/rn4hPTVA48f0.5UO', '../vistas/img/usuarios/202412021205184925.jpg', 1, '2024-12-02 06:05:18');

-- --------------------------------------------------------

--
-- Estructura de tabla para la tabla `usuario_rol`
--

CREATE TABLE `usuario_rol` (
  `id_usuario` int(11) NOT NULL,
  `id_rol` int(11) NOT NULL
) ENGINE=InnoDB DEFAULT CHARSET=utf8mb4 COLLATE=utf8mb4_spanish_ci;

--
-- Volcado de datos para la tabla `usuario_rol`
--

INSERT INTO `usuario_rol` (`id_usuario`, `id_rol`) VALUES
(10, 1),
(10, 2),
(10, 9),
(13, 5),
(14, 4),
(15, 7),
(16, 1);

-- --------------------------------------------------------

--
-- Estructura de tabla para la tabla `vacaciones`
--

CREATE TABLE `vacaciones` (
  `id_vacacion` int(11) NOT NULL,
  `id_trabajador` int(11) NOT NULL,
  `fecha_inicio` date NOT NULL,
  `fecha_fin` date NOT NULL,
  `estado_vacion` int(11) DEFAULT 0
) ENGINE=InnoDB DEFAULT CHARSET=utf8mb4 COLLATE=utf8mb4_spanish_ci;

--
-- Volcado de datos para la tabla `vacaciones`
--

INSERT INTO `vacaciones` (`id_vacacion`, `id_trabajador`, `fecha_inicio`, `fecha_fin`, `estado_vacion`) VALUES
(2, 4, '2024-12-23', '2025-01-08', 0);

-- --------------------------------------------------------

--
-- Estructura de tabla para la tabla `ventas`
--

CREATE TABLE `ventas` (
  `id_venta` int(11) NOT NULL,
  `id_persona` int(11) NOT NULL,
  `id_usuario` int(11) NOT NULL,
  `fecha_venta` date NOT NULL,
  `hora_venta` text NOT NULL,
  `id_serie_num` int(11) NOT NULL,
  `serie_comprobante` varchar(10) NOT NULL,
  `num_comprobante` varchar(10) NOT NULL,
  `impuesto` decimal(10,2) DEFAULT NULL,
  `total_venta` decimal(10,2) NOT NULL,
  `total_pago` decimal(10,2) NOT NULL,
  `sub_total` decimal(10,2) NOT NULL,
  `igv` decimal(10,2) DEFAULT NULL,
  `tipo_pago` varchar(20) DEFAULT NULL,
  `forma_pago` varchar(20) DEFAULT NULL,
  `numero_serie_pago` varchar(50) DEFAULT NULL,
  `pago_delante` decimal(10,2) DEFAULT NULL,
  `estado_pago` varchar(20) DEFAULT NULL,
  `fecha_venta_a` datetime DEFAULT current_timestamp()
) ENGINE=InnoDB DEFAULT CHARSET=utf8mb4 COLLATE=utf8mb4_spanish_ci;

--
-- Volcado de datos para la tabla `ventas`
--

INSERT INTO `ventas` (`id_venta`, `id_persona`, `id_usuario`, `fecha_venta`, `hora_venta`, `id_serie_num`, `serie_comprobante`, `num_comprobante`, `impuesto`, `total_venta`, `total_pago`, `sub_total`, `igv`, `tipo_pago`, `forma_pago`, `numero_serie_pago`, `pago_delante`, `estado_pago`, `fecha_venta_a`) VALUES
(98, 34, 10, '2024-12-01', '06:00:56 PM', 12, 'T0012', '1', 0.00, 74.52, 74.52, 74.52, 0.00, 'contado', 'yape', '', 0.00, 'completado', '2024-12-01 18:00:56'),
(99, 34, 10, '2024-12-01', '06:10:58 PM', 12, 'T0012', '2', 0.00, 71.44, 71.44, 71.44, 0.00, 'contado', 'yape', '', 0.00, 'completado', '2024-12-01 18:10:58'),
(100, 33, 10, '2024-12-01', '06:12:40 PM', 10, 'B001', '1', 0.00, 80.00, 80.00, 80.00, 0.00, 'credito', 'pago_efectivo', '', 0.00, 'pendiente', '2024-12-01 18:12:40'),
(101, 31, 10, '2024-12-01', '06:16:28 PM', 11, 'F822', '1', 0.00, 228.00, 228.00, 228.00, 0.00, 'contado', 'tarjeta_credito', '74578943798432', 0.00, 'completado', '2024-12-01 18:16:29'),
(102, 33, 13, '2024-12-01', '06:19:42 PM', 12, 'T0012', '3', 0.00, 349.60, 349.60, 349.60, 0.00, 'contado', 'pago_efectivo', '', 0.00, 'completado', '2024-12-01 18:19:43'),
(103, 33, 10, '2024-12-02', '07:46:56 AM', 10, 'B001', '2', 0.00, 66.00, 66.00, 66.00, 0.00, 'contado', 'yape', '', 0.00, 'completado', '2024-12-02 07:46:57'),
(104, 31, 10, '2024-12-02', '07:50:12 AM', 12, 'T0012', '4', 0.00, 270.00, 170.00, 270.00, 0.00, 'credito', 'yape', '', 70.00, 'pendiente', '2024-12-02 07:50:12'),
(106, 31, 10, '2024-12-02', '07:57:46 AM', 11, 'F822', '2', 18.00, 423.38, 23.38, 358.80, 64.58, 'credito', 'yape', '', 23.38, 'pendiente', '2024-12-02 07:57:46'),
(107, 33, 10, '2024-12-02', '08:04:58 AM', 11, 'F822', '3', 0.00, 552.00, 552.00, 552.00, 0.00, 'contado', 'pago_efectivo', '', 0.00, 'completado', '2024-12-02 08:04:59'),
(108, 33, 10, '2024-12-02', '08:06:40 AM', 10, 'B001', '3', 0.00, 70.00, 70.00, 70.00, 0.00, 'contado', 'tarjeta_credito', '86348686324345', 0.00, 'completado', '2024-12-02 08:06:41'),
(109, 31, 10, '2024-10-01', '06:00:00 PM', 10, 'B001', '4', 0.00, 50.00, 50.00, 50.00, 0.00, 'contado', 'yape', '', 0.00, 'completado', '2024-10-01 18:00:00'),
(110, 34, 10, '2024-09-15', '07:10:00 PM', 11, 'F822', '5', 0.00, 120.00, 120.00, 120.00, 0.00, 'contado', 'tarjeta_credito', '74578943798432', 0.00, 'completado', '2024-09-15 19:10:00'),
(111, 32, 10, '2024-08-10', '05:30:00 PM', 12, 'T0012', '6', 0.00, 75.00, 75.00, 75.00, 0.00, 'contado', 'pago_efectivo', '', 0.00, 'completado', '2024-08-10 17:30:00'),
(112, 33, 10, '2024-07-20', '04:45:00 PM', 10, 'B001', '7', 0.00, 85.00, 85.00, 85.00, 0.00, 'contado', 'yape', '', 0.00, 'completado', '2024-07-20 16:45:00'),
(113, 34, 10, '2024-06-15', '03:30:00 PM', 11, 'F822', '8', 0.00, 150.00, 150.00, 150.00, 0.00, 'contado', 'tarjeta_credito', '74578943798432', 0.00, 'completado', '2024-06-15 15:30:00'),
(114, 31, 10, '2024-05-10', '09:00:00 AM', 12, 'T0012', '9', 0.00, 100.00, 100.00, 100.00, 0.00, 'contado', 'pago_efectivo', '', 0.00, 'completado', '2024-05-10 09:00:00'),
(115, 33, 10, '2024-04-01', '11:20:00 AM', 10, 'B001', '10', 0.00, 120.00, 120.00, 120.00, 0.00, 'contado', 'yape', '', 0.00, 'completado', '2024-04-01 11:20:00'),
(116, 34, 10, '2024-03-10', '01:15:00 PM', 11, 'F822', '11', 0.00, 180.00, 180.00, 180.00, 0.00, 'contado', 'tarjeta_credito', '74578943798432', 0.00, 'completado', '2024-03-10 13:15:00'),
(117, 32, 10, '2024-02-20', '10:00:00 AM', 12, 'T0012', '12', 0.00, 130.00, 130.00, 130.00, 0.00, 'contado', 'pago_efectivo', '', 0.00, 'completado', '2024-02-20 10:00:00'),
(118, 31, 10, '2024-01-05', '12:00:00 PM', 10, 'B001', '13', 0.00, 70.00, 70.00, 70.00, 0.00, 'contado', 'yape', '', 0.00, 'completado', '2024-01-05 12:00:00'),
(119, 31, 10, '2024-12-10', '11:00:00 AM', 10, 'B001', '14', 0.00, 60.00, 60.00, 60.00, 0.00, 'contado', 'yape', '', 0.00, 'completado', '2024-12-10 11:00:00'),
(120, 34, 10, '2024-11-15', '02:30:00 PM', 11, 'F823', '15', 0.00, 130.00, 130.00, 130.00, 0.00, 'contado', 'tarjeta_credito', '74578943798433', 0.00, 'completado', '2024-11-15 14:30:00'),
(121, 32, 10, '2024-10-20', '04:00:00 PM', 12, 'T0013', '16', 0.00, 90.00, 90.00, 90.00, 0.00, 'contado', 'pago_efectivo', '', 0.00, 'completado', '2024-10-20 16:00:00'),
(122, 33, 10, '2024-09-05', '12:00:00 PM', 10, 'B002', '17', 0.00, 80.00, 80.00, 80.00, 0.00, 'contado', 'yape', '', 0.00, 'completado', '2024-09-05 12:00:00'),
(123, 34, 10, '2024-08-25', '03:00:00 PM', 11, 'F824', '18', 0.00, 170.00, 170.00, 170.00, 0.00, 'contado', 'tarjeta_credito', '74578943798434', 0.00, 'completado', '2024-08-25 15:00:00'),
(124, 31, 10, '2024-07-30', '06:00:00 PM', 12, 'T0014', '19', 0.00, 110.00, 110.00, 110.00, 0.00, 'contado', 'pago_efectivo', '', 0.00, 'completado', '2024-07-30 18:00:00'),
(125, 33, 10, '2024-06-18', '01:00:00 PM', 10, 'B003', '20', 0.00, 95.00, 95.00, 95.00, 0.00, 'contado', 'yape', '', 0.00, 'completado', '2024-06-18 13:00:00'),
(126, 34, 10, '2024-05-10', '09:00:00 AM', 11, 'F825', '21', 0.00, 160.00, 160.00, 160.00, 0.00, 'contado', 'tarjeta_credito', '74578943798435', 0.00, 'completado', '2024-05-10 09:00:00'),
(127, 32, 10, '2024-04-15', '10:30:00 AM', 12, 'T0015', '22', 0.00, 140.00, 140.00, 140.00, 0.00, 'contado', 'pago_efectivo', '', 0.00, 'completado', '2024-04-15 10:30:00'),
(128, 31, 10, '2024-03-25', '02:30:00 PM', 10, 'B004', '23', 0.00, 120.00, 120.00, 120.00, 0.00, 'contado', 'yape', '', 0.00, 'completado', '2024-03-25 14:30:00'),
(129, 32, 10, '2024-12-05', '10:00:00 AM', 10, 'B005', '24', 0.00, 75.00, 75.00, 75.00, 0.00, 'contado', 'yape', '', 0.00, 'completado', '2024-12-05 10:00:00'),
(130, 33, 10, '2024-11-20', '03:00:00 PM', 11, 'F826', '25', 0.00, 140.00, 140.00, 140.00, 0.00, 'contado', 'tarjeta_credito', '74578943798436', 0.00, 'completado', '2024-11-20 15:00:00'),
(131, 34, 10, '2024-10-12', '02:00:00 PM', 12, 'T0016', '26', 0.00, 105.00, 105.00, 105.00, 0.00, 'contado', 'pago_efectivo', '', 0.00, 'completado', '2024-10-12 14:00:00'),
(132, 31, 10, '2024-09-18', '11:30:00 AM', 10, 'B006', '27', 0.00, 80.00, 80.00, 80.00, 0.00, 'contado', 'yape', '', 0.00, 'completado', '2024-09-18 11:30:00'),
(133, 32, 10, '2024-08-30', '01:30:00 PM', 11, 'F827', '28', 0.00, 150.00, 150.00, 150.00, 0.00, 'contado', 'tarjeta_credito', '74578943798437', 0.00, 'completado', '2024-08-30 13:30:00'),
(134, 33, 10, '2024-07-05', '04:30:00 PM', 12, 'T0017', '29', 0.00, 95.00, 95.00, 95.00, 0.00, 'contado', 'pago_efectivo', '', 0.00, 'completado', '2024-07-05 16:30:00'),
(135, 34, 10, '2024-06-25', '05:00:00 PM', 10, 'B007', '30', 0.00, 65.00, 65.00, 65.00, 0.00, 'contado', 'yape', '', 0.00, 'completado', '2024-06-25 17:00:00'),
(136, 31, 10, '2024-05-18', '10:00:00 AM', 11, 'F828', '31', 0.00, 110.00, 110.00, 110.00, 0.00, 'contado', 'tarjeta_credito', '74578943798438', 0.00, 'completado', '2024-05-18 10:00:00'),
(137, 32, 10, '2024-04-08', '12:30:00 PM', 12, 'T0018', '32', 0.00, 120.00, 120.00, 120.00, 0.00, 'contado', 'pago_efectivo', '', 0.00, 'completado', '2024-04-08 12:30:00'),
(138, 33, 10, '2024-03-12', '02:30:00 PM', 10, 'B008', '33', 0.00, 85.00, 85.00, 85.00, 0.00, 'contado', 'yape', '', 0.00, 'completado', '2024-03-12 14:30:00'),
(139, 32, 10, '2024-12-08', '11:00:00 AM', 10, 'B009', '34', 0.00, 95.00, 95.00, 95.00, 0.00, 'contado', 'yape', '', 0.00, 'completado', '2024-12-08 11:00:00'),
(140, 33, 10, '2024-11-21', '01:00:00 PM', 11, 'F829', '35', 0.00, 160.00, 160.00, 160.00, 0.00, 'contado', 'tarjeta_credito', '74578943798439', 0.00, 'completado', '2024-11-21 13:00:00'),
(141, 34, 10, '2024-10-14', '03:00:00 PM', 12, 'T0019', '36', 0.00, 110.00, 110.00, 110.00, 0.00, 'contado', 'pago_efectivo', '', 0.00, 'completado', '2024-10-14 15:00:00'),
(142, 31, 10, '2024-09-22', '10:30:00 AM', 10, 'B010', '37', 0.00, 85.00, 85.00, 85.00, 0.00, 'contado', 'yape', '', 0.00, 'completado', '2024-09-22 10:30:00'),
(143, 32, 10, '2024-08-10', '04:00:00 PM', 11, 'F830', '38', 0.00, 150.00, 150.00, 150.00, 0.00, 'contado', 'tarjeta_credito', '74578943798440', 0.00, 'completado', '2024-08-10 16:00:00'),
(144, 33, 10, '2024-07-20', '05:30:00 PM', 12, 'T0020', '39', 0.00, 100.00, 100.00, 100.00, 0.00, 'contado', 'pago_efectivo', '', 0.00, 'completado', '2024-07-20 17:30:00'),
(145, 34, 10, '2024-06-30', '12:00:00 PM', 10, 'B011', '40', 0.00, 70.00, 70.00, 70.00, 0.00, 'contado', 'yape', '', 0.00, 'completado', '2024-06-30 12:00:00'),
(146, 31, 10, '2024-05-15', '02:00:00 PM', 11, 'F831', '41', 0.00, 130.00, 130.00, 130.00, 0.00, 'contado', 'tarjeta_credito', '74578943798441', 0.00, 'completado', '2024-05-15 14:00:00'),
(147, 32, 10, '2024-04-05', '03:30:00 PM', 12, 'T0021', '42', 0.00, 120.00, 120.00, 120.00, 0.00, 'contado', 'pago_efectivo', '', 0.00, 'completado', '2024-04-05 15:30:00'),
(148, 33, 10, '2024-03-15', '11:30:00 AM', 10, 'B012', '43', 0.00, 80.00, 80.00, 80.00, 0.00, 'contado', 'yape', '', 0.00, 'completado', '2024-03-15 11:30:00'),
(149, 34, 10, '2024-12-09', '02:00:00 PM', 10, 'B013', '44', 0.00, 115.00, 115.00, 115.00, 0.00, 'contado', 'yape', '', 0.00, 'completado', '2024-12-09 14:00:00'),
(150, 31, 10, '2024-11-18', '11:30:00 AM', 11, 'F832', '45', 0.00, 135.00, 135.00, 135.00, 0.00, 'contado', 'tarjeta_credito', '74578943798442', 0.00, 'completado', '2024-11-18 11:30:00'),
(151, 32, 10, '2024-10-05', '09:30:00 AM', 12, 'T0022', '46', 0.00, 95.00, 95.00, 95.00, 0.00, 'contado', 'pago_efectivo', '', 0.00, 'completado', '2024-10-05 09:30:00'),
(152, 33, 10, '2024-09-25', '04:30:00 PM', 10, 'B014', '47', 0.00, 120.00, 120.00, 120.00, 0.00, 'contado', 'yape', '', 0.00, 'completado', '2024-09-25 16:30:00'),
(153, 34, 10, '2024-08-22', '01:00:00 PM', 11, 'F833', '48', 0.00, 160.00, 160.00, 160.00, 0.00, 'contado', 'tarjeta_credito', '74578943798443', 0.00, 'completado', '2024-08-22 13:00:00'),
(154, 31, 10, '2024-07-30', '10:00:00 AM', 12, 'T0023', '49', 0.00, 140.00, 140.00, 140.00, 0.00, 'contado', 'pago_efectivo', '', 0.00, 'completado', '2024-07-30 10:00:00'),
(155, 32, 10, '2024-06-10', '05:00:00 PM', 10, 'B015', '50', 0.00, 110.00, 110.00, 110.00, 0.00, 'contado', 'yape', '', 0.00, 'completado', '2024-06-10 17:00:00'),
(156, 33, 10, '2024-05-25', '02:30:00 PM', 11, 'F834', '51', 0.00, 180.00, 180.00, 180.00, 0.00, 'contado', 'tarjeta_credito', '74578943798444', 0.00, 'completado', '2024-05-25 14:30:00'),
(157, 34, 10, '2024-04-12', '03:00:00 PM', 12, 'T0024', '52', 0.00, 90.00, 90.00, 90.00, 0.00, 'contado', 'pago_efectivo', '', 0.00, 'completado', '2024-04-12 15:00:00'),
(158, 31, 10, '2024-03-01', '11:00:00 AM', 10, 'B016', '53', 0.00, 75.00, 75.00, 75.00, 0.00, 'contado', 'yape', '', 0.00, 'completado', '2024-03-01 11:00:00'),
(159, 34, 10, '2024-12-10', '10:00:00 AM', 10, 'B017', '54', 0.00, 125.00, 125.00, 125.00, 0.00, 'contado', 'yape', '', 0.00, 'completado', '2024-12-10 10:00:00'),
(160, 31, 10, '2024-11-20', '12:30:00 PM', 11, 'F835', '55', 0.00, 150.00, 150.00, 150.00, 0.00, 'contado', 'tarjeta_credito', '74578943798445', 0.00, 'completado', '2024-11-20 12:30:00'),
(161, 32, 10, '2024-10-15', '03:00:00 PM', 12, 'T0025', '56', 0.00, 110.00, 110.00, 110.00, 0.00, 'contado', 'pago_efectivo', '', 0.00, 'completado', '2024-10-15 15:00:00'),
(162, 33, 10, '2024-09-18', '01:00:00 PM', 10, 'B018', '57', 0.00, 135.00, 135.00, 135.00, 0.00, 'contado', 'yape', '', 0.00, 'completado', '2024-09-18 13:00:00'),
(163, 34, 10, '2024-08-30', '10:00:00 AM', 11, 'F836', '58', 0.00, 170.00, 170.00, 170.00, 0.00, 'contado', 'tarjeta_credito', '74578943798446', 0.00, 'completado', '2024-08-30 10:00:00'),
(164, 31, 10, '2024-07-22', '02:00:00 PM', 12, 'T0026', '59', 0.00, 95.00, 95.00, 95.00, 0.00, 'contado', 'pago_efectivo', '', 0.00, 'completado', '2024-07-22 14:00:00'),
(165, 32, 10, '2024-06-08', '09:30:00 AM', 10, 'B019', '60', 0.00, 125.00, 125.00, 125.00, 0.00, 'contado', 'yape', '', 0.00, 'completado', '2024-06-08 09:30:00'),
(166, 33, 10, '2024-05-18', '11:00:00 AM', 11, 'F837', '61', 0.00, 145.00, 145.00, 145.00, 0.00, 'contado', 'tarjeta_credito', '74578943798447', 0.00, 'completado', '2024-05-18 11:00:00'),
(167, 34, 10, '2024-04-25', '05:00:00 PM', 12, 'T0027', '62', 0.00, 155.00, 155.00, 155.00, 0.00, 'contado', 'pago_efectivo', '', 0.00, 'completado', '2024-04-25 17:00:00'),
(168, 31, 10, '2024-03-10', '03:30:00 PM', 10, 'B020', '63', 0.00, 110.00, 110.00, 110.00, 0.00, 'contado', 'yape', '', 0.00, 'completado', '2024-03-10 15:30:00'),
(169, 34, 10, '2024-12-15', '04:00:00 PM', 10, 'B021', '64', 0.00, 130.00, 130.00, 130.00, 0.00, 'contado', 'yape', '', 0.00, 'completado', '2024-12-15 16:00:00'),
(170, 31, 10, '2024-11-12', '11:00:00 AM', 11, 'F838', '65', 0.00, 160.00, 160.00, 160.00, 0.00, 'contado', 'tarjeta_credito', '74578943798448', 0.00, 'completado', '2024-11-12 11:00:00'),
(171, 32, 10, '2024-10-05', '03:30:00 PM', 12, 'T0028', '66', 0.00, 120.00, 120.00, 120.00, 0.00, 'contado', 'pago_efectivo', '', 0.00, 'completado', '2024-10-05 15:30:00'),
(172, 33, 10, '2024-09-12', '02:00:00 PM', 10, 'B022', '67', 0.00, 140.00, 140.00, 140.00, 0.00, 'contado', 'yape', '', 0.00, 'completado', '2024-09-12 14:00:00'),
(173, 34, 10, '2024-08-25', '01:00:00 PM', 11, 'F839', '68', 0.00, 175.00, 175.00, 175.00, 0.00, 'contado', 'tarjeta_credito', '74578943798449', 0.00, 'completado', '2024-08-25 13:00:00'),
(174, 31, 10, '2024-07-18', '04:00:00 PM', 12, 'T0029', '69', 0.00, 100.00, 100.00, 100.00, 0.00, 'contado', 'pago_efectivo', '', 0.00, 'completado', '2024-07-18 16:00:00'),
(175, 32, 10, '2024-06-22', '10:30:00 AM', 10, 'B023', '70', 0.00, 110.00, 110.00, 110.00, 0.00, 'contado', 'yape', '', 0.00, 'completado', '2024-06-22 10:30:00'),
(176, 33, 10, '2024-05-13', '02:30:00 PM', 11, 'F840', '71', 0.00, 150.00, 150.00, 150.00, 0.00, 'contado', 'tarjeta_credito', '74578943798450', 0.00, 'completado', '2024-05-13 14:30:00'),
(177, 34, 10, '2024-04-02', '05:00:00 PM', 12, 'T0030', '72', 0.00, 130.00, 130.00, 130.00, 0.00, 'contado', 'pago_efectivo', '', 0.00, 'completado', '2024-04-02 17:00:00'),
(178, 31, 10, '2024-03-16', '01:00:00 PM', 10, 'B024', '73', 0.00, 140.00, 140.00, 140.00, 0.00, 'contado', 'yape', '', 0.00, 'completado', '2024-03-16 13:00:00'),
(179, 35, 10, '2024-12-18', '03:00:00 PM', 10, 'B025', '74', 0.00, 145.00, 145.00, 145.00, 0.00, 'contado', 'yape', '', 0.00, 'completado', '2024-12-18 15:00:00'),
(180, 36, 10, '2024-11-30', '02:00:00 PM', 11, 'F841', '75', 0.00, 160.00, 160.00, 160.00, 0.00, 'contado', 'tarjeta_credito', '74578943798451', 0.00, 'completado', '2024-11-30 14:00:00'),
(181, 37, 10, '2024-10-15', '11:30:00 AM', 12, 'T0031', '76', 0.00, 130.00, 130.00, 130.00, 0.00, 'contado', 'pago_efectivo', '', 0.00, 'completado', '2024-10-15 11:30:00'),
(182, 38, 10, '2024-09-20', '01:30:00 PM', 10, 'B026', '77', 0.00, 120.00, 120.00, 120.00, 0.00, 'contado', 'yape', '', 0.00, 'completado', '2024-09-20 13:30:00'),
(183, 39, 10, '2024-08-10', '04:00:00 PM', 11, 'F842', '78', 0.00, 175.00, 175.00, 175.00, 0.00, 'contado', 'tarjeta_credito', '74578943798452', 0.00, 'completado', '2024-08-10 16:00:00'),
(184, 35, 10, '2024-07-01', '10:00:00 AM', 12, 'T0032', '79', 0.00, 140.00, 140.00, 140.00, 0.00, 'contado', 'pago_efectivo', '', 0.00, 'completado', '2024-07-01 10:00:00'),
(185, 36, 10, '2024-06-12', '03:30:00 PM', 10, 'B027', '80', 0.00, 130.00, 130.00, 130.00, 0.00, 'contado', 'yape', '', 0.00, 'completado', '2024-06-12 15:30:00'),
(186, 37, 10, '2024-05-25', '01:00:00 PM', 11, 'F843', '81', 0.00, 155.00, 155.00, 155.00, 0.00, 'contado', 'tarjeta_credito', '74578943798453', 0.00, 'completado', '2024-05-25 13:00:00'),
(187, 38, 10, '2024-04-22', '11:00:00 AM', 12, 'T0033', '82', 0.00, 120.00, 120.00, 120.00, 0.00, 'contado', 'pago_efectivo', '', 0.00, 'completado', '2024-04-22 11:00:00'),
(188, 39, 10, '2024-03-30', '02:00:00 PM', 10, 'B028', '83', 0.00, 135.00, 135.00, 135.00, 0.00, 'contado', 'yape', '', 0.00, 'completado', '2024-03-30 14:00:00'),
(189, 35, 10, '2024-12-19', '10:00:00 AM', 10, 'B029', '84', 0.00, 160.00, 160.00, 160.00, 0.00, 'contado', 'yape', '', 0.00, 'completado', '2024-12-19 10:00:00'),
(190, 36, 10, '2024-11-30', '03:00:00 PM', 11, 'F844', '85', 0.00, 180.00, 180.00, 180.00, 0.00, 'contado', 'tarjeta_credito', '74578943798454', 0.00, 'completado', '2024-11-30 15:00:00'),
(191, 37, 10, '2024-10-22', '11:30:00 AM', 12, 'T0034', '86', 0.00, 170.00, 170.00, 170.00, 0.00, 'contado', 'pago_efectivo', '', 0.00, 'completado', '2024-10-22 11:30:00'),
(192, 38, 10, '2024-09-15', '02:00:00 PM', 10, 'B030', '87', 0.00, 145.00, 145.00, 145.00, 0.00, 'contado', 'yape', '', 0.00, 'completado', '2024-09-15 14:00:00'),
(193, 39, 10, '2024-08-05', '04:30:00 PM', 11, 'F845', '88', 0.00, 190.00, 190.00, 190.00, 0.00, 'contado', 'tarjeta_credito', '74578943798455', 0.00, 'completado', '2024-08-05 16:30:00'),
(194, 35, 10, '2024-07-08', '10:30:00 AM', 12, 'T0035', '89', 0.00, 165.00, 165.00, 165.00, 0.00, 'contado', 'pago_efectivo', '', 0.00, 'completado', '2024-07-08 10:30:00'),
(195, 36, 10, '2024-06-18', '01:00:00 PM', 10, 'B031', '90', 0.00, 150.00, 150.00, 150.00, 0.00, 'contado', 'yape', '', 0.00, 'completado', '2024-06-18 13:00:00'),
(196, 37, 10, '2024-05-10', '12:00:00 PM', 11, 'F846', '91', 0.00, 175.00, 175.00, 175.00, 0.00, 'contado', 'tarjeta_credito', '74578943798456', 0.00, 'completado', '2024-05-10 12:00:00'),
(197, 38, 10, '2024-04-03', '01:30:00 PM', 12, 'T0036', '92', 0.00, 155.00, 155.00, 155.00, 0.00, 'contado', 'pago_efectivo', '', 0.00, 'completado', '2024-04-03 13:30:00'),
(198, 39, 10, '2024-03-01', '11:30:00 AM', 10, 'B032', '93', 0.00, 145.00, 145.00, 145.00, 0.00, 'contado', 'yape', '', 0.00, 'completado', '2024-03-01 11:30:00'),
(201, 35, 10, '2024-12-03', '04:58:00 PM', 12, 'T0012', '93', 0.00, 337.00, 337.00, 337.00, 0.00, 'contado', 'pago_efectivo', '', 0.00, 'completado', '2024-12-03 16:58:00'),
(205, 35, 10, '2024-12-04', '07:17:12 PM', 12, 'T0012', '94', 0.00, 40.00, 40.00, 40.00, 0.00, 'contado', 'pago_efectivo', '', 0.00, 'completado', '2024-12-03 19:17:13'),
(206, 35, 10, '2024-12-04', '07:23:47 PM', 10, 'B001', '94', 0.00, 40.00, 40.00, 40.00, 0.00, 'contado', 'pago_efectivo', '', 0.00, 'completado', '2024-12-03 19:23:48'),
(207, 35, 10, '2024-12-04', '07:26:08 PM', 11, 'F822', '92', 18.00, 20.65, 20.65, 17.50, 3.15, 'contado', 'pago_efectivo', '', 0.00, 'completado', '2024-12-03 19:26:09'),
(208, 33, 10, '2024-12-04', '07:26:34 PM', 12, 'T0012', '95', 18.00, 20.65, 20.65, 17.50, 3.15, 'contado', 'pago_efectivo', '', 0.00, 'completado', '2024-12-03 19:26:34'),
(209, 34, 10, '2024-12-04', '06:05:35 PM', 12, 'T0012', '96', 0.00, 24.50, 24.50, 24.50, 0.00, 'contado', 'pago_efectivo', '', 0.00, 'completado', '2024-12-04 18:05:35'),
(210, 34, 10, '2024-12-05', '07:04:18 PM', 11, 'F822', '93', 0.00, 25.00, 25.00, 25.00, 0.00, 'contado', 'pago_efectivo', '', 0.00, 'completado', '2024-12-04 19:04:18'),
(211, 41, 10, '2024-12-05', '01:59:51 PM', 11, 'F822', '94', 0.00, 17.50, 17.50, 17.50, 0.00, 'contado', 'pago_efectivo', '', 0.00, 'completado', '2024-12-05 13:59:52'),
(212, 35, 10, '2024-12-05', '02:04:00 PM', 11, 'F822', '95', 0.00, 25.00, 25.00, 25.00, 0.00, 'contado', 'pago_efectivo', '', 0.00, 'completado', '2024-12-05 14:04:00'),
(213, 41, 10, '2024-12-05', '06:41:31 PM', 12, 'T0012', '97', 0.00, -5.00, -5.00, -5.00, 0.00, 'contado', 'pago_efectivo', '', 0.00, 'completado', '2024-12-05 23:41:33'),
(214, 35, 10, '2024-12-06', '04:20:35 PM', 11, 'F822', '96', 18.00, 4.13, 4.13, 3.50, 0.63, 'contado', 'pago_efectivo', '', 0.00, 'completado', '2024-12-06 14:20:47'),
(215, 41, 10, '2024-12-07', '03:24:56 AM', 10, 'B001', '95', 0.00, 0.00, 0.00, 0.00, 0.00, 'contado', 'pago_efectivo', '0.00', 0.00, 'completado', '2024-12-07 02:24:58'),
(216, 35, 10, '2024-12-08', '08:15:21 PM', 11, 'F822', '97', 0.00, 41.50, 41.50, 41.50, 0.00, 'contado', 'pago_efectivo', '', 0.00, 'completado', '2024-12-08 01:15:17');

--
-- Índices para tablas volcadas
--

--
-- Indices de la tabla `asistencia_trabajadores`
--
ALTER TABLE `asistencia_trabajadores`
  ADD PRIMARY KEY (`id_asistencia`),
  ADD KEY `id_trabajador` (`id_trabajador`);

--
-- Indices de la tabla `categorias`
--
ALTER TABLE `categorias`
  ADD PRIMARY KEY (`id_categoria`);

--
-- Indices de la tabla `config_sistema`
--
ALTER TABLE `config_sistema`
  ADD PRIMARY KEY (`id_img`);

--
-- Indices de la tabla `config_ticket`
--
ALTER TABLE `config_ticket`
  ADD PRIMARY KEY (`id_config_ticket`);

--
-- Indices de la tabla `contratos_trabajadores`
--
ALTER TABLE `contratos_trabajadores`
  ADD PRIMARY KEY (`id_contrato`),
  ADD KEY `id_trabajador` (`id_trabajador`);

--
-- Indices de la tabla `detalle_egreso`
--
ALTER TABLE `detalle_egreso`
  ADD PRIMARY KEY (`id_detalle_egreso`),
  ADD KEY `id_egreso` (`id_egreso`),
  ADD KEY `id_producto` (`id_producto`);

--
-- Indices de la tabla `detalle_venta`
--
ALTER TABLE `detalle_venta`
  ADD PRIMARY KEY (`id_detalle_venta`),
  ADD KEY `id_venta` (`id_venta`),
  ADD KEY `id_producto` (`id_producto`);

--
-- Indices de la tabla `egresos`
--
ALTER TABLE `egresos`
  ADD PRIMARY KEY (`id_egreso`),
  ADD KEY `id_persona` (`id_persona`),
  ADD KEY `id_usuario` (`id_usuario`);

--
-- Indices de la tabla `historial_pagos`
--
ALTER TABLE `historial_pagos`
  ADD PRIMARY KEY (`id_pago`),
  ADD KEY `id_venta` (`id_venta`);

--
-- Indices de la tabla `impresora`
--
ALTER TABLE `impresora`
  ADD PRIMARY KEY (`id_impresora`);

--
-- Indices de la tabla `pagos_trabajadores`
--
ALTER TABLE `pagos_trabajadores`
  ADD PRIMARY KEY (`id_pagos`),
  ADD KEY `id_contrato` (`id_contrato`);

--
-- Indices de la tabla `personas`
--
ALTER TABLE `personas`
  ADD PRIMARY KEY (`id_persona`),
  ADD UNIQUE KEY `email` (`email`),
  ADD KEY `id_doc` (`id_doc`);

--
-- Indices de la tabla `productos`
--
ALTER TABLE `productos`
  ADD PRIMARY KEY (`id_producto`),
  ADD KEY `id_categoria` (`id_categoria`);

--
-- Indices de la tabla `rol`
--
ALTER TABLE `rol`
  ADD PRIMARY KEY (`id_rol`);

--
-- Indices de la tabla `serie_num_comprobante`
--
ALTER TABLE `serie_num_comprobante`
  ADD PRIMARY KEY (`id_serie_num`);

--
-- Indices de la tabla `sucursales`
--
ALTER TABLE `sucursales`
  ADD PRIMARY KEY (`id_sucursal`);

--
-- Indices de la tabla `tipo_documentos`
--
ALTER TABLE `tipo_documentos`
  ADD PRIMARY KEY (`id_doc`);

--
-- Indices de la tabla `trabajadores`
--
ALTER TABLE `trabajadores`
  ADD PRIMARY KEY (`id_trabajador`);

--
-- Indices de la tabla `usuarios`
--
ALTER TABLE `usuarios`
  ADD PRIMARY KEY (`id_usuario`),
  ADD UNIQUE KEY `correo` (`correo`),
  ADD UNIQUE KEY `usuario` (`usuario`),
  ADD KEY `id_sucursal` (`id_sucursal`);

--
-- Indices de la tabla `usuario_rol`
--
ALTER TABLE `usuario_rol`
  ADD PRIMARY KEY (`id_usuario`,`id_rol`),
  ADD KEY `id_rol` (`id_rol`);

--
-- Indices de la tabla `vacaciones`
--
ALTER TABLE `vacaciones`
  ADD PRIMARY KEY (`id_vacacion`),
  ADD KEY `id_trabajador` (`id_trabajador`);

--
-- Indices de la tabla `ventas`
--
ALTER TABLE `ventas`
  ADD PRIMARY KEY (`id_venta`),
  ADD KEY `id_persona` (`id_persona`),
  ADD KEY `id_usuario` (`id_usuario`),
  ADD KEY `id_serie_num` (`id_serie_num`);

--
-- AUTO_INCREMENT de las tablas volcadas
--

--
-- AUTO_INCREMENT de la tabla `asistencia_trabajadores`
--
ALTER TABLE `asistencia_trabajadores`
  MODIFY `id_asistencia` int(11) NOT NULL AUTO_INCREMENT, AUTO_INCREMENT=20;

--
-- AUTO_INCREMENT de la tabla `categorias`
--
ALTER TABLE `categorias`
  MODIFY `id_categoria` int(11) NOT NULL AUTO_INCREMENT, AUTO_INCREMENT=8;

--
-- AUTO_INCREMENT de la tabla `config_sistema`
--
ALTER TABLE `config_sistema`
  MODIFY `id_img` int(11) NOT NULL AUTO_INCREMENT, AUTO_INCREMENT=3;

--
-- AUTO_INCREMENT de la tabla `config_ticket`
--
ALTER TABLE `config_ticket`
  MODIFY `id_config_ticket` int(11) NOT NULL AUTO_INCREMENT, AUTO_INCREMENT=2;

--
-- AUTO_INCREMENT de la tabla `contratos_trabajadores`
--
ALTER TABLE `contratos_trabajadores`
  MODIFY `id_contrato` int(11) NOT NULL AUTO_INCREMENT, AUTO_INCREMENT=5;

--
-- AUTO_INCREMENT de la tabla `detalle_egreso`
--
ALTER TABLE `detalle_egreso`
  MODIFY `id_detalle_egreso` int(11) NOT NULL AUTO_INCREMENT, AUTO_INCREMENT=75;

--
-- AUTO_INCREMENT de la tabla `detalle_venta`
--
ALTER TABLE `detalle_venta`
  MODIFY `id_detalle_venta` int(11) NOT NULL AUTO_INCREMENT, AUTO_INCREMENT=206;

--
-- AUTO_INCREMENT de la tabla `egresos`
--
ALTER TABLE `egresos`
  MODIFY `id_egreso` int(11) NOT NULL AUTO_INCREMENT, AUTO_INCREMENT=72;

--
-- AUTO_INCREMENT de la tabla `historial_pagos`
--
ALTER TABLE `historial_pagos`
  MODIFY `id_pago` int(11) NOT NULL AUTO_INCREMENT, AUTO_INCREMENT=217;

--
-- AUTO_INCREMENT de la tabla `impresora`
--
ALTER TABLE `impresora`
  MODIFY `id_impresora` int(11) NOT NULL AUTO_INCREMENT;

--
-- AUTO_INCREMENT de la tabla `pagos_trabajadores`
--
ALTER TABLE `pagos_trabajadores`
  MODIFY `id_pagos` int(11) NOT NULL AUTO_INCREMENT, AUTO_INCREMENT=3;

--
-- AUTO_INCREMENT de la tabla `personas`
--
ALTER TABLE `personas`
  MODIFY `id_persona` int(11) NOT NULL AUTO_INCREMENT, AUTO_INCREMENT=42;

--
-- AUTO_INCREMENT de la tabla `productos`
--
ALTER TABLE `productos`
  MODIFY `id_producto` int(11) NOT NULL AUTO_INCREMENT, AUTO_INCREMENT=13;

--
-- AUTO_INCREMENT de la tabla `rol`
--
ALTER TABLE `rol`
  MODIFY `id_rol` int(11) NOT NULL AUTO_INCREMENT, AUTO_INCREMENT=11;

--
-- AUTO_INCREMENT de la tabla `serie_num_comprobante`
--
ALTER TABLE `serie_num_comprobante`
  MODIFY `id_serie_num` int(11) NOT NULL AUTO_INCREMENT, AUTO_INCREMENT=13;

--
-- AUTO_INCREMENT de la tabla `sucursales`
--
ALTER TABLE `sucursales`
  MODIFY `id_sucursal` int(11) NOT NULL AUTO_INCREMENT, AUTO_INCREMENT=11;

--
-- AUTO_INCREMENT de la tabla `tipo_documentos`
--
ALTER TABLE `tipo_documentos`
  MODIFY `id_doc` int(11) NOT NULL AUTO_INCREMENT, AUTO_INCREMENT=4;

--
-- AUTO_INCREMENT de la tabla `trabajadores`
--
ALTER TABLE `trabajadores`
  MODIFY `id_trabajador` int(11) NOT NULL AUTO_INCREMENT, AUTO_INCREMENT=6;

--
-- AUTO_INCREMENT de la tabla `usuarios`
--
ALTER TABLE `usuarios`
  MODIFY `id_usuario` int(11) NOT NULL AUTO_INCREMENT, AUTO_INCREMENT=18;

--
-- AUTO_INCREMENT de la tabla `vacaciones`
--
ALTER TABLE `vacaciones`
  MODIFY `id_vacacion` int(11) NOT NULL AUTO_INCREMENT, AUTO_INCREMENT=3;

--
-- AUTO_INCREMENT de la tabla `ventas`
--
ALTER TABLE `ventas`
  MODIFY `id_venta` int(11) NOT NULL AUTO_INCREMENT, AUTO_INCREMENT=217;

--
-- Restricciones para tablas volcadas
--

--
-- Filtros para la tabla `asistencia_trabajadores`
--
ALTER TABLE `asistencia_trabajadores`
  ADD CONSTRAINT `asistencia_trabajadores_ibfk_1` FOREIGN KEY (`id_trabajador`) REFERENCES `trabajadores` (`id_trabajador`) ON DELETE CASCADE ON UPDATE CASCADE;

--
-- Filtros para la tabla `contratos_trabajadores`
--
ALTER TABLE `contratos_trabajadores`
  ADD CONSTRAINT `contratos_trabajadores_ibfk_1` FOREIGN KEY (`id_trabajador`) REFERENCES `trabajadores` (`id_trabajador`) ON DELETE CASCADE ON UPDATE CASCADE;

--
-- Filtros para la tabla `detalle_egreso`
--
ALTER TABLE `detalle_egreso`
  ADD CONSTRAINT `detalle_egreso_ibfk_1` FOREIGN KEY (`id_egreso`) REFERENCES `egresos` (`id_egreso`) ON DELETE CASCADE ON UPDATE CASCADE,
  ADD CONSTRAINT `detalle_egreso_ibfk_2` FOREIGN KEY (`id_producto`) REFERENCES `productos` (`id_producto`) ON DELETE CASCADE ON UPDATE CASCADE;

--
-- Filtros para la tabla `detalle_venta`
--
ALTER TABLE `detalle_venta`
  ADD CONSTRAINT `detalle_venta_ibfk_1` FOREIGN KEY (`id_venta`) REFERENCES `ventas` (`id_venta`) ON DELETE CASCADE ON UPDATE CASCADE,
  ADD CONSTRAINT `detalle_venta_ibfk_2` FOREIGN KEY (`id_producto`) REFERENCES `productos` (`id_producto`) ON DELETE CASCADE ON UPDATE CASCADE;

--
-- Filtros para la tabla `egresos`
--
ALTER TABLE `egresos`
  ADD CONSTRAINT `egresos_ibfk_1` FOREIGN KEY (`id_persona`) REFERENCES `personas` (`id_persona`) ON DELETE CASCADE ON UPDATE CASCADE,
  ADD CONSTRAINT `egresos_ibfk_2` FOREIGN KEY (`id_usuario`) REFERENCES `usuarios` (`id_usuario`) ON DELETE CASCADE ON UPDATE CASCADE;

--
-- Filtros para la tabla `historial_pagos`
--
ALTER TABLE `historial_pagos`
  ADD CONSTRAINT `historial_pagos_ibfk_1` FOREIGN KEY (`id_venta`) REFERENCES `ventas` (`id_venta`) ON DELETE CASCADE ON UPDATE CASCADE;

--
-- Filtros para la tabla `pagos_trabajadores`
--
ALTER TABLE `pagos_trabajadores`
  ADD CONSTRAINT `pagos_trabajadores_ibfk_1` FOREIGN KEY (`id_contrato`) REFERENCES `contratos_trabajadores` (`id_contrato`) ON DELETE CASCADE ON UPDATE CASCADE;

--
-- Filtros para la tabla `personas`
--
ALTER TABLE `personas`
  ADD CONSTRAINT `personas_ibfk_1` FOREIGN KEY (`id_doc`) REFERENCES `tipo_documentos` (`id_doc`) ON DELETE CASCADE ON UPDATE CASCADE;

--
-- Filtros para la tabla `productos`
--
ALTER TABLE `productos`
  ADD CONSTRAINT `productos_ibfk_1` FOREIGN KEY (`id_categoria`) REFERENCES `categorias` (`id_categoria`) ON DELETE CASCADE ON UPDATE CASCADE;

--
-- Filtros para la tabla `usuarios`
--
ALTER TABLE `usuarios`
  ADD CONSTRAINT `usuarios_ibfk_1` FOREIGN KEY (`id_sucursal`) REFERENCES `sucursales` (`id_sucursal`) ON DELETE CASCADE ON UPDATE CASCADE;

--
-- Filtros para la tabla `usuario_rol`
--
ALTER TABLE `usuario_rol`
  ADD CONSTRAINT `usuario_rol_ibfk_1` FOREIGN KEY (`id_usuario`) REFERENCES `usuarios` (`id_usuario`) ON DELETE CASCADE ON UPDATE CASCADE,
  ADD CONSTRAINT `usuario_rol_ibfk_2` FOREIGN KEY (`id_rol`) REFERENCES `rol` (`id_rol`) ON DELETE CASCADE ON UPDATE CASCADE;

--
-- Filtros para la tabla `vacaciones`
--
ALTER TABLE `vacaciones`
  ADD CONSTRAINT `vacaciones_ibfk_1` FOREIGN KEY (`id_trabajador`) REFERENCES `trabajadores` (`id_trabajador`);

--
-- Filtros para la tabla `ventas`
--
ALTER TABLE `ventas`
  ADD CONSTRAINT `ventas_ibfk_1` FOREIGN KEY (`id_persona`) REFERENCES `personas` (`id_persona`) ON DELETE CASCADE ON UPDATE CASCADE,
  ADD CONSTRAINT `ventas_ibfk_2` FOREIGN KEY (`id_usuario`) REFERENCES `usuarios` (`id_usuario`) ON DELETE CASCADE ON UPDATE CASCADE,
  ADD CONSTRAINT `ventas_ibfk_3` FOREIGN KEY (`id_serie_num`) REFERENCES `serie_num_comprobante` (`id_serie_num`) ON DELETE CASCADE ON UPDATE CASCADE;
COMMIT;

/*!40101 SET CHARACTER_SET_CLIENT=@OLD_CHARACTER_SET_CLIENT */;
/*!40101 SET CHARACTER_SET_RESULTS=@OLD_CHARACTER_SET_RESULTS */;
/*!40101 SET COLLATION_CONNECTION=@OLD_COLLATION_CONNECTION */;
