-- --------------------------------------------------------
-- Host:                         127.0.0.1
-- Versión del servidor:         8.4.3 - MySQL Community Server - GPL
-- SO del servidor:              Win64
-- HeidiSQL Versión:             12.8.0.6908
-- --------------------------------------------------------

/*!40101 SET @OLD_CHARACTER_SET_CLIENT=@@CHARACTER_SET_CLIENT */;
/*!40101 SET NAMES utf8 */;
/*!50503 SET NAMES utf8mb4 */;
/*!40103 SET @OLD_TIME_ZONE=@@TIME_ZONE */;
/*!40103 SET TIME_ZONE='+00:00' */;
/*!40014 SET @OLD_FOREIGN_KEY_CHECKS=@@FOREIGN_KEY_CHECKS, FOREIGN_KEY_CHECKS=0 */;
/*!40101 SET @OLD_SQL_MODE=@@SQL_MODE, SQL_MODE='NO_AUTO_VALUE_ON_ZERO' */;
/*!40111 SET @OLD_SQL_NOTES=@@SQL_NOTES, SQL_NOTES=0 */;


-- Volcando estructura de base de datos para db_sistema_pollos


-- Volcando estructura para tabla db_sistema_pollos.acciones
CREATE TABLE IF NOT EXISTS `acciones` (
  `id_accion` int NOT NULL AUTO_INCREMENT,
  `nombre` varchar(50) CHARACTER SET utf8mb4 COLLATE utf8mb4_general_ci NOT NULL,
  `descripcion` text CHARACTER SET utf8mb4 COLLATE utf8mb4_general_ci,
  `estado` tinyint(1) DEFAULT '1',
  PRIMARY KEY (`id_accion`),
  UNIQUE KEY `nombre` (`nombre`)
) ENGINE=InnoDB AUTO_INCREMENT=11 DEFAULT CHARSET=utf8mb4 COLLATE=utf8mb4_general_ci;

-- Volcando datos para la tabla db_sistema_pollos.acciones: ~10 rows (aproximadamente)
INSERT IGNORE INTO `acciones` (`id_accion`, `nombre`, `descripcion`, `estado`) VALUES
	(1, 'ver', 'Ver registros', 1),
	(2, 'crear', 'Crear nuevos registros', 1),
	(3, 'editar', 'Editar registros existentes', 1),
	(4, 'eliminar', 'Eliminar registros', 1),
	(5, 'imprimir', 'Imprimir documentos', 1),
	(6, 'exportar', 'Exportar datos', 1),
	(7, 'aprobar', 'Aprobar procesos', 1),
	(8, 'configurar', 'Configurar parámetros', 1),
	(9, 'reportes', 'Generar reportes', 1),
	(10, 'estado', 'Actualizar los estados', 1);

-- Volcando estructura para tabla db_sistema_pollos.arqueos_caja
CREATE TABLE IF NOT EXISTS `arqueos_caja` (
  `id_arqueo` int NOT NULL AUTO_INCREMENT,
  `id_movimiento_caja` int NOT NULL,
  `id_usuario` int NOT NULL,
  `fecha_arqueo` timestamp NOT NULL DEFAULT CURRENT_TIMESTAMP,
  `monto_sistema` decimal(10,2) NOT NULL,
  `monto_fisico` decimal(10,2) NOT NULL,
  `diferencia` decimal(10,2) NOT NULL,
  `observaciones` text CHARACTER SET utf8mb4 COLLATE utf8mb4_general_ci,
  PRIMARY KEY (`id_arqueo`),
  KEY `id_movimiento_caja` (`id_movimiento_caja`),
  KEY `id_usuario` (`id_usuario`),
  CONSTRAINT `arqueos_caja_ibfk_1` FOREIGN KEY (`id_movimiento_caja`) REFERENCES `movimientos_caja` (`id_movimiento`),
  CONSTRAINT `arqueos_caja_ibfk_2` FOREIGN KEY (`id_usuario`) REFERENCES `usuarios` (`id_usuario`)
) ENGINE=InnoDB AUTO_INCREMENT=17 DEFAULT CHARSET=utf8mb4 COLLATE=utf8mb4_general_ci;

-- Volcando datos para la tabla db_sistema_pollos.arqueos_caja: ~0 rows (aproximadamente)

-- Volcando estructura para tabla db_sistema_pollos.asistencia_trabajadores
CREATE TABLE IF NOT EXISTS `asistencia_trabajadores` (
  `id_asistencia` int NOT NULL AUTO_INCREMENT,
  `id_trabajador` int NOT NULL,
  `fecha_asistencia` date NOT NULL,
  `hora_entrada` time NOT NULL,
  `hora_salida` time NOT NULL,
  `estado` enum('Presente','Tarde','Falta') CHARACTER SET utf8mb4 COLLATE utf8mb4_spanish_ci NOT NULL,
  `observaciones` text CHARACTER SET utf8mb4 COLLATE utf8mb4_spanish_ci,
  PRIMARY KEY (`id_asistencia`),
  KEY `id_trabajador` (`id_trabajador`),
  CONSTRAINT `asistencia_trabajadores_ibfk_1` FOREIGN KEY (`id_trabajador`) REFERENCES `trabajadores` (`id_trabajador`) ON DELETE CASCADE ON UPDATE CASCADE
) ENGINE=InnoDB AUTO_INCREMENT=39 DEFAULT CHARSET=utf8mb4 COLLATE=utf8mb4_spanish_ci;

-- Volcando datos para la tabla db_sistema_pollos.asistencia_trabajadores: ~0 rows (aproximadamente)

-- Volcando estructura para tabla db_sistema_pollos.categorias
CREATE TABLE IF NOT EXISTS `categorias` (
  `id_categoria` int NOT NULL AUTO_INCREMENT,
  `nombre_categoria` varchar(100) CHARACTER SET utf8mb4 COLLATE utf8mb4_spanish_ci NOT NULL,
  `descripcion` text CHARACTER SET utf8mb4 COLLATE utf8mb4_spanish_ci,
  `fecha` datetime DEFAULT CURRENT_TIMESTAMP,
  PRIMARY KEY (`id_categoria`)
) ENGINE=InnoDB AUTO_INCREMENT=20 DEFAULT CHARSET=utf8mb4 COLLATE=utf8mb4_spanish_ci;

-- Volcando datos para la tabla db_sistema_pollos.categorias: ~8 rows (aproximadamente)
INSERT IGNORE INTO `categorias` (`id_categoria`, `nombre_categoria`, `descripcion`, `fecha`) VALUES
	(11, 'POLLO', '', '2025-02-03 09:03:46'),
	(12, 'GALLINA', '', '2025-05-21 02:13:56'),
	(13, 'PATO', '', '2025-05-21 02:14:06'),
	(14, 'PAVO', '', '2025-05-21 02:14:20'),
	(15, 'CUY', '', '2025-05-21 02:14:29'),
	(16, 'PESCADO', '', '2025-05-21 02:14:46'),
	(17, 'MENUDENCIA', '', '2025-05-21 02:15:21'),
	(18, 'RES', '', '2025-05-21 02:16:15');

-- Volcando estructura para tabla db_sistema_pollos.config_correo
CREATE TABLE IF NOT EXISTS `config_correo` (
  `id` int NOT NULL AUTO_INCREMENT,
  `id_usuario` int NOT NULL,
  `smtp` varchar(150) CHARACTER SET utf8mb4 COLLATE utf8mb4_general_ci NOT NULL,
  `usuario` varchar(150) CHARACTER SET utf8mb4 COLLATE utf8mb4_general_ci NOT NULL,
  `password` varchar(150) CHARACTER SET utf8mb4 COLLATE utf8mb4_general_ci NOT NULL,
  `puerto` int NOT NULL,
  `correo_remitente` varchar(150) CHARACTER SET utf8mb4 COLLATE utf8mb4_general_ci NOT NULL,
  `nombre_remitente` varchar(150) CHARACTER SET utf8mb4 COLLATE utf8mb4_general_ci NOT NULL,
  `fecha` datetime DEFAULT CURRENT_TIMESTAMP,
  PRIMARY KEY (`id`),
  KEY `id_usuario` (`id_usuario`),
  CONSTRAINT `config_correo_ibfk_1` FOREIGN KEY (`id_usuario`) REFERENCES `usuarios` (`id_usuario`) ON DELETE CASCADE ON UPDATE CASCADE
) ENGINE=InnoDB AUTO_INCREMENT=5 DEFAULT CHARSET=utf8mb4 COLLATE=utf8mb4_general_ci;

-- Volcando datos para la tabla db_sistema_pollos.config_correo: ~0 rows (aproximadamente)
INSERT IGNORE INTO `config_correo` (`id`, `id_usuario`, `smtp`, `usuario`, `password`, `puerto`, `correo_remitente`, `nombre_remitente`, `fecha`) VALUES
	(4, 1, 'smtp.hostinger.com', 'jetro@jetro.ceoconectaperu.com', 'Jetro123&&&', 465, 'jetro@jetro.ceoconectaperu.com', 'Jetro', '2025-05-20 11:52:31');

-- Volcando estructura para tabla db_sistema_pollos.config_sistema
CREATE TABLE IF NOT EXISTS `config_sistema` (
  `id_img` int NOT NULL AUTO_INCREMENT,
  `nombre` varchar(255) CHARACTER SET utf8mb4 COLLATE utf8mb4_spanish_ci NOT NULL,
  `icon_pestana` varchar(255) CHARACTER SET utf8mb4 COLLATE utf8mb4_spanish_ci NOT NULL,
  `img_sidebar` varchar(255) CHARACTER SET utf8mb4 COLLATE utf8mb4_spanish_ci NOT NULL,
  `img_sidebar_min` varchar(255) CHARACTER SET utf8mb4 COLLATE utf8mb4_spanish_ci NOT NULL,
  `img_login` varchar(255) CHARACTER SET utf8mb4 COLLATE utf8mb4_spanish_ci NOT NULL,
  `icon_login` varchar(255) CHARACTER SET utf8mb4 COLLATE utf8mb4_spanish_ci NOT NULL,
  `fecha` datetime DEFAULT CURRENT_TIMESTAMP,
  PRIMARY KEY (`id_img`)
) ENGINE=InnoDB AUTO_INCREMENT=9 DEFAULT CHARSET=utf8mb4 COLLATE=utf8mb4_spanish_ci;

-- Volcando datos para la tabla db_sistema_pollos.config_sistema: ~0 rows (aproximadamente)
INSERT IGNORE INTO `config_sistema` (`id_img`, `nombre`, `icon_pestana`, `img_sidebar`, `img_sidebar_min`, `img_login`, `icon_login`, `fecha`) VALUES
	(6, 'JETRO', '../vistas/img/sistema/202505210122041133.png', '../vistas/img/sistema/202505210124555249.png', '../vistas/img/sistema/202505210122042475.png', '../vistas/img/sistema/202505210122047335.png', '../vistas/img/sistema/202505210122048415.png', '2025-05-21 01:22:04');

-- Volcando estructura para tabla db_sistema_pollos.config_ticket
CREATE TABLE IF NOT EXISTS `config_ticket` (
  `id_config_ticket` int NOT NULL AUTO_INCREMENT,
  `nombre_empresa` varchar(100) CHARACTER SET utf8mb4 COLLATE utf8mb4_spanish_ci NOT NULL,
  `ruc` varchar(20) CHARACTER SET utf8mb4 COLLATE utf8mb4_spanish_ci DEFAULT NULL,
  `telefono` varchar(20) CHARACTER SET utf8mb4 COLLATE utf8mb4_spanish_ci DEFAULT NULL,
  `correo` varchar(100) CHARACTER SET utf8mb4 COLLATE utf8mb4_spanish_ci DEFAULT NULL,
  `direccion` varchar(100) CHARACTER SET utf8mb4 COLLATE utf8mb4_spanish_ci DEFAULT NULL,
  `logo` varchar(100) CHARACTER SET utf8mb4 COLLATE utf8mb4_spanish_ci DEFAULT NULL,
  `mensaje` text CHARACTER SET utf8mb4 COLLATE utf8mb4_spanish_ci,
  `fecha_config_ticket` datetime DEFAULT CURRENT_TIMESTAMP,
  PRIMARY KEY (`id_config_ticket`)
) ENGINE=InnoDB AUTO_INCREMENT=4 DEFAULT CHARSET=utf8mb4 COLLATE=utf8mb4_spanish_ci;

-- Volcando datos para la tabla db_sistema_pollos.config_ticket: ~0 rows (aproximadamente)
INSERT IGNORE INTO `config_ticket` (`id_config_ticket`, `nombre_empresa`, `ruc`, `telefono`, `correo`, `direccion`, `logo`, `mensaje`, `fecha_config_ticket`) VALUES
	(3, 'INVERSIONES JETRO E.I.R.L.', '20609722844', '981812998', 'jetro@jetro.ceoconectaperu.com', 'Mza. Q Lote. 13 a.H. las Delicias Ii Etapa (a 3 Cdras de Mercado las Delicias)', '../vistas/img/ticket/202505210137037713.png', 'Gracias por la compra', '2025-01-13 15:09:04');

-- Volcando estructura para tabla db_sistema_pollos.contratos_trabajadores
CREATE TABLE IF NOT EXISTS `contratos_trabajadores` (
  `id_contrato` int NOT NULL AUTO_INCREMENT,
  `id_trabajador` int NOT NULL,
  `tiempo_contrato` int NOT NULL,
  `tipo_sueldo` varchar(100) CHARACTER SET utf8mb4 COLLATE utf8mb4_spanish_ci NOT NULL,
  `sueldo` decimal(10,2) NOT NULL,
  `fecha_contrato` datetime DEFAULT CURRENT_TIMESTAMP,
  PRIMARY KEY (`id_contrato`),
  KEY `id_trabajador` (`id_trabajador`),
  CONSTRAINT `contratos_trabajadores_ibfk_1` FOREIGN KEY (`id_trabajador`) REFERENCES `trabajadores` (`id_trabajador`) ON DELETE CASCADE ON UPDATE CASCADE
) ENGINE=InnoDB AUTO_INCREMENT=11 DEFAULT CHARSET=utf8mb4 COLLATE=utf8mb4_spanish_ci;

-- Volcando datos para la tabla db_sistema_pollos.contratos_trabajadores: ~0 rows (aproximadamente)

-- Volcando estructura para tabla db_sistema_pollos.cotizaciones
CREATE TABLE IF NOT EXISTS `cotizaciones` (
  `id_cotizacion` int NOT NULL AUTO_INCREMENT,
  `id_persona` int NOT NULL,
  `id_usuario` int NOT NULL,
  `fecha_cotizacion` date NOT NULL,
  `hora_cotizacion` text CHARACTER SET utf8mb4 COLLATE utf8mb4_general_ci NOT NULL,
  `id_serie_num` int NOT NULL,
  `serie_cotizacion` varchar(20) CHARACTER SET utf8mb4 COLLATE utf8mb4_general_ci NOT NULL,
  `validez` int NOT NULL,
  `impuesto` decimal(10,2) DEFAULT NULL,
  `total_cotizacion` decimal(10,2) NOT NULL,
  `total_pago` decimal(10,2) NOT NULL,
  `sub_total` decimal(10,2) NOT NULL,
  `igv_total` decimal(10,2) DEFAULT NULL,
  `tipo_pago` varchar(100) CHARACTER SET utf8mb4 COLLATE utf8mb4_general_ci DEFAULT NULL,
  `estado_pago` varchar(100) CHARACTER SET utf8mb4 COLLATE utf8mb4_general_ci DEFAULT NULL,
  `forma_pago` varchar(100) CHARACTER SET utf8mb4 COLLATE utf8mb4_general_ci DEFAULT NULL,
  `estado` int NOT NULL DEFAULT '0',
  PRIMARY KEY (`id_cotizacion`),
  KEY `id_persona` (`id_persona`),
  KEY `id_usuario` (`id_usuario`),
  KEY `id_serie_num` (`id_serie_num`),
  CONSTRAINT `cotizaciones_ibfk_1` FOREIGN KEY (`id_persona`) REFERENCES `personas` (`id_persona`) ON DELETE CASCADE ON UPDATE CASCADE,
  CONSTRAINT `cotizaciones_ibfk_2` FOREIGN KEY (`id_usuario`) REFERENCES `usuarios` (`id_usuario`) ON DELETE CASCADE ON UPDATE CASCADE,
  CONSTRAINT `cotizaciones_ibfk_3` FOREIGN KEY (`id_serie_num`) REFERENCES `serie_num_comprobante` (`id_serie_num`) ON DELETE CASCADE ON UPDATE CASCADE
) ENGINE=InnoDB AUTO_INCREMENT=211 DEFAULT CHARSET=utf8mb4 COLLATE=utf8mb4_general_ci;

-- Volcando datos para la tabla db_sistema_pollos.cotizaciones: ~8 rows (aproximadamente)
INSERT IGNORE INTO `cotizaciones` (`id_cotizacion`, `id_persona`, `id_usuario`, `fecha_cotizacion`, `hora_cotizacion`, `id_serie_num`, `serie_cotizacion`, `validez`, `impuesto`, `total_cotizacion`, `total_pago`, `sub_total`, `igv_total`, `tipo_pago`, `estado_pago`, `forma_pago`, `estado`) VALUES
	(203, 87, 39, '2025-05-27', '10:17:22 AM', 17, 'B001', 1, 0.00, 120.00, 120.00, 120.00, 0.00, 'contado', 'completado', 'pago_efectivo', 0),
	(204, 89, 39, '2025-06-03', '10:38:32 AM', 18, 'F001', 1, 0.00, 84.00, 84.00, 84.00, 0.00, 'contado', 'completado', 'pago_efectivo', 0),
	(205, 88, 39, '2025-06-09', '08:21:42 AM', 17, 'B001', 1, 0.00, 35.00, 35.00, 35.00, 0.00, 'contado', 'completado', 'pago_efectivo', 0),
	(206, 89, 39, '2025-06-09', '08:23:13 AM', 17, 'B001', 1, 0.00, 288.00, 288.00, 288.00, 0.00, 'contado', 'completado', 'pago_efectivo', 0),
	(207, 88, 39, '2025-06-09', '08:23:56 AM', 17, 'B001', 1, 0.00, 72.00, 72.00, 72.00, 0.00, 'contado', 'completado', 'pago_efectivo', 0),
	(208, 88, 39, '2025-06-09', '08:24:23 AM', 18, 'F001', 1, 0.00, 35.00, 35.00, 35.00, 0.00, 'contado', 'completado', 'pago_efectivo', 0),
	(209, 88, 39, '2025-06-09', '08:28:25 AM', 18, 'F001', 1, 0.00, 1476.00, 1476.00, 1476.00, 0.00, 'contado', 'completado', 'pago_efectivo', 0),
	(210, 88, 39, '2025-06-09', '08:28:53 AM', 18, 'F001', 1, 0.00, 144.00, 144.00, 144.00, 0.00, 'contado', 'completado', 'pago_efectivo', 0);

-- Volcando estructura para tabla db_sistema_pollos.detalle_cotizacion
CREATE TABLE IF NOT EXISTS `detalle_cotizacion` (
  `id_detalle_contizacion` int NOT NULL AUTO_INCREMENT,
  `id_cotizacion` int NOT NULL,
  `id_producto` int NOT NULL,
  `numero_javas` int DEFAULT NULL,
  `numero_aves` int DEFAULT NULL,
  `peso_promedio` decimal(10,2) DEFAULT NULL,
  `peso_bruto` decimal(10,2) DEFAULT NULL,
  `peso_tara` decimal(10,2) DEFAULT NULL,
  `peso_merma` decimal(10,2) DEFAULT NULL,
  `peso_neto` decimal(10,2) NOT NULL,
  `precio_venta` decimal(10,2) NOT NULL,
  PRIMARY KEY (`id_detalle_contizacion`),
  KEY `id_cotizacion` (`id_cotizacion`),
  KEY `id_producto` (`id_producto`),
  CONSTRAINT `detalle_cotizacion_ibfk_1` FOREIGN KEY (`id_cotizacion`) REFERENCES `cotizaciones` (`id_cotizacion`) ON DELETE CASCADE ON UPDATE CASCADE,
  CONSTRAINT `detalle_cotizacion_ibfk_2` FOREIGN KEY (`id_producto`) REFERENCES `productos` (`id_producto`) ON DELETE CASCADE ON UPDATE CASCADE
) ENGINE=InnoDB AUTO_INCREMENT=226 DEFAULT CHARSET=utf8mb4 COLLATE=utf8mb4_general_ci;

-- Volcando datos para la tabla db_sistema_pollos.detalle_cotizacion: ~14 rows (aproximadamente)
INSERT IGNORE INTO `detalle_cotizacion` (`id_detalle_contizacion`, `id_cotizacion`, `id_producto`, `numero_javas`, `numero_aves`, `peso_promedio`, `peso_bruto`, `peso_tara`, `peso_merma`, `peso_neto`, `precio_venta`) VALUES
	(212, 203, 52, 0, 10, 0.00, 0.00, 0.00, 0.00, 0.00, 12.00),
	(213, 204, 51, 0, 5, 2.40, 12.00, 0.00, 0.00, 12.00, 7.00),
	(214, 205, 51, 0, 1, 0.00, 0.00, 0.00, 0.00, 0.00, 7.00),
	(215, 205, 51, 0, 4, 0.00, 0.00, 0.00, 0.00, 0.00, 7.00),
	(216, 206, 52, 0, 1, 12.00, 12.00, 0.00, 0.00, 12.00, 12.00),
	(217, 206, 52, 0, 3, 4.00, 12.00, 0.00, 0.00, 12.00, 12.00),
	(218, 207, 52, 0, 1, 0.00, 0.00, 0.00, 0.00, 0.00, 12.00),
	(219, 207, 52, 0, 2, 0.00, 0.00, 0.00, 0.00, 0.00, 12.00),
	(220, 207, 52, 0, 3, 0.00, 0.00, 0.00, 0.00, 0.00, 12.00),
	(221, 208, 51, 0, 1, 0.00, 0.00, 0.00, 0.00, 0.00, 7.00),
	(222, 208, 51, 0, 2, 0.00, 0.00, 0.00, 0.00, 0.00, 7.00),
	(223, 208, 51, 0, 2, 0.00, 0.00, 0.00, 0.00, 0.00, 7.00),
	(224, 209, 52, 0, 123, 0.00, 0.00, 0.00, 0.00, 0.00, 12.00),
	(225, 210, 52, 0, 12, 0.00, 0.00, 0.00, 0.00, 0.00, 12.00);

-- Volcando estructura para tabla db_sistema_pollos.detalle_egreso
CREATE TABLE IF NOT EXISTS `detalle_egreso` (
  `id_detalle_egreso` int NOT NULL AUTO_INCREMENT,
  `id_egreso` int NOT NULL,
  `id_producto` int NOT NULL,
  `numero_javas` int NOT NULL,
  `numero_aves` int NOT NULL,
  `peso_promedio` decimal(10,2) NOT NULL,
  `peso_bruto` decimal(10,2) NOT NULL,
  `peso_tara` decimal(10,2) DEFAULT NULL,
  `peso_merma` decimal(10,2) DEFAULT NULL,
  `peso_neto` decimal(10,2) NOT NULL,
  `precio_compra` decimal(10,2) NOT NULL,
  `precio_venta` decimal(10,2) NOT NULL,
  PRIMARY KEY (`id_detalle_egreso`),
  KEY `id_egreso` (`id_egreso`),
  KEY `id_producto` (`id_producto`),
  CONSTRAINT `detalle_egreso_ibfk_1` FOREIGN KEY (`id_egreso`) REFERENCES `egresos` (`id_egreso`) ON DELETE CASCADE ON UPDATE CASCADE,
  CONSTRAINT `detalle_egreso_ibfk_2` FOREIGN KEY (`id_producto`) REFERENCES `productos` (`id_producto`) ON DELETE CASCADE ON UPDATE CASCADE
) ENGINE=InnoDB AUTO_INCREMENT=109 DEFAULT CHARSET=utf8mb4 COLLATE=utf8mb4_spanish_ci;

-- Volcando datos para la tabla db_sistema_pollos.detalle_egreso: ~5 rows (aproximadamente)
INSERT IGNORE INTO `detalle_egreso` (`id_detalle_egreso`, `id_egreso`, `id_producto`, `numero_javas`, `numero_aves`, `peso_promedio`, `peso_bruto`, `peso_tara`, `peso_merma`, `peso_neto`, `precio_compra`, `precio_venta`) VALUES
	(104, 104, 50, 0, 123, 2.80, 345.00, 0.00, 0.00, 345.00, 0.00, 0.00),
	(105, 105, 48, 0, 123, 0.28, 34.00, 0.00, 0.00, 34.00, 12.00, 15.00),
	(106, 106, 47, 0, 123, 1.63, 200.00, 0.00, 0.00, 200.00, 7.00, 9.00),
	(107, 110, 45, 5, 2000, 0.20, 400.00, 0.00, 0.00, 400.00, 7.00, 9.00),
	(108, 110, 44, 10, 2000, 0.20, 400.00, 0.00, 0.00, 400.00, 8.00, 10.20);

-- Volcando estructura para tabla db_sistema_pollos.detalle_venta
CREATE TABLE IF NOT EXISTS `detalle_venta` (
  `id_detalle_venta` int NOT NULL AUTO_INCREMENT,
  `id_venta` int NOT NULL,
  `id_producto` int NOT NULL,
  `numero_javas` int NOT NULL,
  `numero_aves` int NOT NULL,
  `peso_promedio` decimal(10,2) NOT NULL,
  `peso_bruto` decimal(10,2) NOT NULL,
  `peso_tara` decimal(10,2) DEFAULT NULL,
  `peso_merma` decimal(10,2) DEFAULT NULL,
  `peso_neto` decimal(10,2) NOT NULL,
  `precio_venta` decimal(10,2) NOT NULL,
  `fecha_detalle` datetime DEFAULT CURRENT_TIMESTAMP,
  PRIMARY KEY (`id_detalle_venta`),
  KEY `id_venta` (`id_venta`),
  KEY `id_producto` (`id_producto`),
  CONSTRAINT `detalle_venta_ibfk_1` FOREIGN KEY (`id_venta`) REFERENCES `ventas` (`id_venta`) ON DELETE CASCADE ON UPDATE CASCADE,
  CONSTRAINT `detalle_venta_ibfk_2` FOREIGN KEY (`id_producto`) REFERENCES `productos` (`id_producto`) ON DELETE CASCADE ON UPDATE CASCADE
) ENGINE=InnoDB AUTO_INCREMENT=352 DEFAULT CHARSET=utf8mb4 COLLATE=utf8mb4_spanish_ci;

-- Volcando datos para la tabla db_sistema_pollos.detalle_venta: ~37 rows (aproximadamente)
INSERT IGNORE INTO `detalle_venta` (`id_detalle_venta`, `id_venta`, `id_producto`, `numero_javas`, `numero_aves`, `peso_promedio`, `peso_bruto`, `peso_tara`, `peso_merma`, `peso_neto`, `precio_venta`, `fecha_detalle`) VALUES
	(315, 323, 52, 0, 5, 0.00, 0.00, 0.00, 0.00, 0.00, 12.00, '2025-05-29 12:39:10'),
	(316, 324, 52, 0, 2, 11.50, 23.00, 0.00, 0.00, 23.00, 12.00, '2025-05-29 12:43:26'),
	(317, 325, 52, 0, 2, 2.00, 4.00, 0.00, 0.00, 4.00, 12.00, '2025-05-29 12:49:05'),
	(318, 326, 52, 0, 4, 0.00, 0.00, 0.00, 0.00, 0.00, 12.00, '2025-06-03 09:20:40'),
	(319, 327, 52, 0, 5, 0.00, 0.00, 0.00, 0.00, 0.00, 12.00, '2025-06-03 09:58:37'),
	(320, 328, 52, 0, 5, 0.00, 0.00, 0.00, 0.00, 0.00, 12.00, '2025-06-03 10:10:46'),
	(321, 329, 49, 0, 123, 2.03, 250.00, 0.00, 0.00, 250.00, 8.00, '2025-06-03 10:40:28'),
	(322, 330, 52, 0, 0, 0.00, 0.00, 0.00, 0.00, 0.00, 12.00, '2025-06-08 09:11:12'),
	(323, 330, 51, 0, 0, 0.00, 0.00, 0.00, 0.00, 0.00, 7.00, '2025-06-08 09:11:12'),
	(324, 330, 50, 0, 0, 0.00, 0.00, 0.00, 0.00, 0.00, 0.00, '2025-06-08 09:11:12'),
	(325, 330, 49, 0, 0, 0.00, 0.00, 0.00, 0.00, 0.00, 8.00, '2025-06-08 09:11:12'),
	(326, 330, 48, 0, 0, 0.00, 0.00, 0.00, 0.00, 0.00, 15.00, '2025-06-08 09:11:12'),
	(327, 330, 47, 0, 0, 0.00, 0.00, 0.00, 0.00, 0.00, 9.00, '2025-06-08 09:11:12'),
	(328, 331, 52, 0, 12, 0.00, 0.00, 0.00, 0.00, 0.00, 12.00, '2025-06-08 09:12:06'),
	(329, 331, 51, 0, 12, 0.00, 0.00, 0.00, 0.00, 0.00, 7.00, '2025-06-08 09:12:06'),
	(330, 331, 50, 0, 15, 0.00, 0.00, 0.00, 0.00, 0.00, 0.00, '2025-06-08 09:12:06'),
	(331, 331, 49, 0, 16, 0.00, 0.00, 0.00, 0.00, 0.00, 8.00, '2025-06-08 09:12:06'),
	(332, 331, 48, 0, 12, 0.00, 0.00, 0.00, 0.00, 0.00, 15.00, '2025-06-08 09:12:06'),
	(333, 332, 50, 2, 24, 1.63, 48.00, 13.00, 4.00, 39.00, 13.00, '2025-06-08 09:14:58'),
	(334, 332, 49, 3, 36, 1.58, 72.00, 21.00, 6.00, 57.00, 8.00, '2025-06-08 09:14:58'),
	(335, 332, 52, 3, 36, 1.58, 72.00, 21.00, 6.00, 57.00, 12.00, '2025-06-08 09:14:58'),
	(336, 333, 52, 0, 12, 0.00, 0.00, 0.00, 0.00, 0.00, 12.00, '2025-06-08 09:17:54'),
	(337, 333, 51, 0, 15, 0.00, 0.00, 0.00, 0.00, 0.00, 7.00, '2025-06-08 09:17:54'),
	(338, 333, 50, 0, 5, 0.00, 0.00, 0.00, 0.00, 0.00, 14.00, '2025-06-08 09:17:54'),
	(339, 333, 49, 0, 6, 0.00, 0.00, 0.00, 0.00, 0.00, 8.00, '2025-06-08 09:17:54'),
	(340, 333, 48, 0, 8, 0.00, 0.00, 0.00, 0.00, 0.00, 15.00, '2025-06-08 09:17:54'),
	(341, 334, 52, 0, 2, 0.00, 0.00, 0.00, 0.00, 0.00, 12.00, '2025-06-09 07:57:50'),
	(342, 334, 51, 0, 3, 0.00, 0.00, 0.00, 0.00, 0.00, 7.00, '2025-06-09 07:57:50'),
	(343, 334, 49, 0, 4, 0.00, 0.00, 0.00, 0.00, 0.00, 8.00, '2025-06-09 07:57:50'),
	(344, 335, 52, 0, 1, 0.00, 0.00, 0.00, 0.00, 0.00, 12.00, '2025-06-09 08:03:02'),
	(345, 335, 52, 0, 2, 0.00, 0.00, 0.00, 0.00, 0.00, 12.00, '2025-06-09 08:03:02'),
	(346, 335, 52, 0, 3, 0.00, 0.00, 0.00, 0.00, 0.00, 12.00, '2025-06-09 08:03:02'),
	(347, 336, 52, 0, 1, 0.00, 0.00, 0.00, 0.00, 0.00, 12.00, '2025-06-09 08:03:43'),
	(348, 336, 51, 0, 2, 0.00, 0.00, 0.00, 0.00, 0.00, 7.00, '2025-06-09 08:03:43'),
	(349, 336, 50, 0, 3, 0.00, 0.00, 0.00, 0.00, 0.00, 0.00, '2025-06-09 08:03:43');

-- Volcando estructura para tabla db_sistema_pollos.egresos
CREATE TABLE IF NOT EXISTS `egresos` (
  `id_egreso` int NOT NULL AUTO_INCREMENT,
  `id_persona` int NOT NULL,
  `id_usuario` int NOT NULL,
  `id_movimiento_caja` int NOT NULL,
  `fecha_egre` date NOT NULL,
  `hora_egreso` text CHARACTER SET utf8mb4 COLLATE utf8mb4_spanish_ci NOT NULL,
  `tipo_comprobante` varchar(20) CHARACTER SET utf8mb4 COLLATE utf8mb4_spanish_ci NOT NULL,
  `serie_comprobante` varchar(10) CHARACTER SET utf8mb4 COLLATE utf8mb4_spanish_ci NOT NULL,
  `num_comprobante` varchar(10) CHARACTER SET utf8mb4 COLLATE utf8mb4_spanish_ci NOT NULL,
  `impuesto` decimal(10,2) DEFAULT NULL,
  `total_compra` decimal(10,2) NOT NULL,
  `total_pago` decimal(10,2) NOT NULL,
  `subTotal` decimal(10,2) NOT NULL,
  `igv` decimal(10,2) DEFAULT NULL,
  `tipo_pago` varchar(30) CHARACTER SET utf8mb4 COLLATE utf8mb4_spanish_ci NOT NULL,
  `estado_pago` varchar(50) CHARACTER SET utf8mb4 COLLATE utf8mb4_spanish_ci NOT NULL,
  `pago_e_y` varchar(50) CHARACTER SET utf8mb4 COLLATE utf8mb4_spanish_ci NOT NULL,
  `fecha_egreso` datetime DEFAULT CURRENT_TIMESTAMP,
  PRIMARY KEY (`id_egreso`),
  KEY `id_persona` (`id_persona`),
  KEY `id_usuario` (`id_usuario`),
  KEY `fk_movimiento` (`id_movimiento_caja`),
  CONSTRAINT `egresos_ibfk_1` FOREIGN KEY (`id_persona`) REFERENCES `personas` (`id_persona`) ON DELETE CASCADE ON UPDATE CASCADE,
  CONSTRAINT `egresos_ibfk_2` FOREIGN KEY (`id_usuario`) REFERENCES `usuarios` (`id_usuario`) ON DELETE CASCADE ON UPDATE CASCADE,
  CONSTRAINT `fk_movimiento` FOREIGN KEY (`id_movimiento_caja`) REFERENCES `movimientos_caja` (`id_movimiento`)
) ENGINE=InnoDB AUTO_INCREMENT=111 DEFAULT CHARSET=utf8mb4 COLLATE=utf8mb4_spanish_ci;

-- Volcando datos para la tabla db_sistema_pollos.egresos: ~7 rows (aproximadamente)
INSERT IGNORE INTO `egresos` (`id_egreso`, `id_persona`, `id_usuario`, `id_movimiento_caja`, `fecha_egre`, `hora_egreso`, `tipo_comprobante`, `serie_comprobante`, `num_comprobante`, `impuesto`, `total_compra`, `total_pago`, `subTotal`, `igv`, `tipo_pago`, `estado_pago`, `pago_e_y`, `fecha_egreso`) VALUES
	(104, 85, 39, 63, '2025-06-03', '10:20:01 AM', 'boleta', 'B00123', '123123', 0.00, 0.00, 0.00, 0.00, 0.00, 'contado', 'completado', '', '2025-06-03 10:20:01'),
	(105, 85, 39, 63, '2025-06-03', '10:35:06 AM', 'boleta', 'B-12312', '125', 0.00, 408.00, 408.00, 408.00, 0.00, 'contado', 'completado', '', '2025-06-03 10:35:06'),
	(106, 85, 39, 63, '2025-06-03', '10:37:34 AM', 'factura', 'F-123', '0123', 0.00, 1400.00, 1400.00, 1400.00, 0.00, 'contado', 'completado', '', '2025-06-03 10:37:34'),
	(107, 85, 39, 63, '2025-06-09', '08:35:23 AM', 'factura', 'B-0123', '12313', 0.00, 60000.00, 60000.00, 60000.00, 0.00, 'contado', 'completado', '', '2025-06-09 08:35:24'),
	(108, 85, 39, 63, '2025-06-09', '08:35:33 AM', 'factura', 'B-0123', '12313', 0.00, 60000.00, 60000.00, 60000.00, 0.00, 'contado', 'completado', '', '2025-06-09 08:35:34'),
	(109, 85, 39, 63, '2025-06-09', '08:35:42 AM', 'factura', 'B-0123', '12313', 0.00, 60000.00, 60000.00, 60000.00, 0.00, 'contado', 'completado', '', '2025-06-09 08:35:43'),
	(110, 85, 39, 63, '2025-06-09', '08:36:08 AM', 'factura', 'B-0123', '12313', 0.00, 6000.00, 6000.00, 6000.00, 0.00, 'contado', 'completado', '', '2025-06-09 08:36:09');

-- Volcando estructura para tabla db_sistema_pollos.gasto_ingreso
CREATE TABLE IF NOT EXISTS `gasto_ingreso` (
  `id_gasto` int NOT NULL AUTO_INCREMENT,
  `id_usuario` int NOT NULL,
  `id_movimiento_caja` int NOT NULL,
  `tipo` enum('egreso','ingreso') CHARACTER SET utf8mb4 COLLATE utf8mb4_general_ci NOT NULL,
  `concepto` varchar(200) CHARACTER SET utf8mb4 COLLATE utf8mb4_general_ci NOT NULL,
  `monto` decimal(10,2) NOT NULL,
  `detalles` text CHARACTER SET utf8mb4 COLLATE utf8mb4_general_ci,
  `fecha` timestamp NOT NULL DEFAULT CURRENT_TIMESTAMP,
  PRIMARY KEY (`id_gasto`),
  KEY `id_usuario` (`id_usuario`),
  KEY `id_movimiento_caja` (`id_movimiento_caja`),
  CONSTRAINT `gasto_ingreso_ibfk_1` FOREIGN KEY (`id_usuario`) REFERENCES `usuarios` (`id_usuario`) ON DELETE CASCADE ON UPDATE CASCADE,
  CONSTRAINT `gasto_ingreso_ibfk_2` FOREIGN KEY (`id_movimiento_caja`) REFERENCES `movimientos_caja` (`id_movimiento`) ON DELETE CASCADE ON UPDATE CASCADE
) ENGINE=InnoDB AUTO_INCREMENT=33 DEFAULT CHARSET=utf8mb4 COLLATE=utf8mb4_general_ci;

-- Volcando datos para la tabla db_sistema_pollos.gasto_ingreso: ~0 rows (aproximadamente)

-- Volcando estructura para tabla db_sistema_pollos.historial_pagos
CREATE TABLE IF NOT EXISTS `historial_pagos` (
  `id_pago` int NOT NULL AUTO_INCREMENT,
  `id_venta` int NOT NULL,
  `monto_pago` decimal(10,2) NOT NULL,
  `forma_pago` varchar(20) CHARACTER SET utf8mb4 COLLATE utf8mb4_spanish_ci NOT NULL,
  `numero_serie_pago` varchar(50) CHARACTER SET utf8mb4 COLLATE utf8mb4_spanish_ci DEFAULT NULL,
  `comprobante_imagen` varchar(255) CHARACTER SET utf8mb4 COLLATE utf8mb4_spanish_ci DEFAULT NULL,
  `fecha_registro` datetime DEFAULT CURRENT_TIMESTAMP,
  PRIMARY KEY (`id_pago`),
  KEY `id_venta` (`id_venta`),
  CONSTRAINT `historial_pagos_ibfk_1` FOREIGN KEY (`id_venta`) REFERENCES `ventas` (`id_venta`) ON DELETE CASCADE ON UPDATE CASCADE
) ENGINE=InnoDB AUTO_INCREMENT=345 DEFAULT CHARSET=utf8mb4 COLLATE=utf8mb4_spanish_ci;

-- Volcando datos para la tabla db_sistema_pollos.historial_pagos: ~16 rows (aproximadamente)
INSERT IGNORE INTO `historial_pagos` (`id_pago`, `id_venta`, `monto_pago`, `forma_pago`, `numero_serie_pago`, `comprobante_imagen`, `fecha_registro`) VALUES
	(329, 323, 0.00, 'pago_efectivo', NULL, NULL, '2025-05-29 12:39:10'),
	(330, 324, 0.00, 'pago_efectivo', NULL, NULL, '2025-05-29 12:43:26'),
	(331, 325, 0.00, 'pago_efectivo', NULL, NULL, '2025-05-29 12:49:06'),
	(332, 326, 0.00, 'pago_efectivo', NULL, NULL, '2025-06-03 09:20:40'),
	(333, 327, 0.00, 'pago_efectivo', NULL, NULL, '2025-06-03 09:58:37'),
	(334, 328, 10.00, 'pago_efectivo', NULL, NULL, '2025-06-03 10:10:46'),
	(335, 329, 0.00, 'pago_efectivo', NULL, NULL, '2025-06-03 10:40:28'),
	(336, 329, 100.00, 'pago_efectivo', NULL, NULL, '2025-06-03 10:40:51'),
	(337, 330, 0.00, 'pago_efectivo', NULL, NULL, '2025-06-08 09:11:12'),
	(338, 331, 0.00, 'pago_efectivo', NULL, NULL, '2025-06-08 09:12:06'),
	(339, 332, 0.00, 'pago_efectivo', NULL, NULL, '2025-06-08 09:14:59'),
	(340, 333, 0.00, 'pago_efectivo', NULL, NULL, '2025-06-08 09:17:54'),
	(341, 334, 0.00, 'pago_efectivo', NULL, NULL, '2025-06-09 07:57:50'),
	(342, 335, 0.00, 'pago_efectivo', NULL, NULL, '2025-06-09 08:03:02'),
	(343, 336, 0.00, 'pago_efectivo', NULL, NULL, '2025-06-09 08:03:43');

-- Volcando estructura para tabla db_sistema_pollos.impresora
CREATE TABLE IF NOT EXISTS `impresora` (
  `id_impresora` int NOT NULL AUTO_INCREMENT,
  `nombre` varchar(100) CHARACTER SET utf8mb4 COLLATE utf8mb4_spanish_ci NOT NULL,
  `ip_impresora` varchar(50) CHARACTER SET utf8mb4 COLLATE utf8mb4_spanish_ci DEFAULT NULL,
  `fecha` datetime NOT NULL DEFAULT CURRENT_TIMESTAMP,
  PRIMARY KEY (`id_impresora`)
) ENGINE=InnoDB DEFAULT CHARSET=utf8mb4 COLLATE=utf8mb4_spanish_ci;

-- Volcando datos para la tabla db_sistema_pollos.impresora: ~0 rows (aproximadamente)

-- Volcando estructura para tabla db_sistema_pollos.modulos
CREATE TABLE IF NOT EXISTS `modulos` (
  `id_modulo` int NOT NULL AUTO_INCREMENT,
  `nombre` varchar(100) CHARACTER SET utf8mb4 COLLATE utf8mb4_general_ci NOT NULL,
  PRIMARY KEY (`id_modulo`)
) ENGINE=InnoDB AUTO_INCREMENT=78 DEFAULT CHARSET=utf8mb4 COLLATE=utf8mb4_general_ci;

-- Volcando datos para la tabla db_sistema_pollos.modulos: ~37 rows (aproximadamente)
INSERT IGNORE INTO `modulos` (`id_modulo`, `nombre`) VALUES
	(39, 'inicio'),
	(40, 'sucursales'),
	(41, 'tipo_documento'),
	(42, 'roles'),
	(43, 'usuarios'),
	(44, 'establecer_roles'),
	(45, 'proveedores'),
	(46, 'clientes'),
	(47, 'categorias'),
	(48, 'productos'),
	(49, 'codigo_barra'),
	(50, 'compras'),
	(51, 'lista_compras'),
	(52, 'cotizacion'),
	(53, 'ventas'),
	(54, 'caja_general'),
	(55, 'arqueos_caja'),
	(56, 'gastos_ingresos'),
	(57, 'reportes_caja'),
	(60, 'trabajador'),
	(61, 'contrato_trabajador'),
	(62, 'pago_trabajador'),
	(63, 'vacaciones'),
	(64, 'asistencia'),
	(65, 'reporte_sucursales'),
	(66, 'reporte_usuarios'),
	(67, 'reporte_roles'),
	(68, 'reporte_proveedores'),
	(69, 'reporte_clientes'),
	(70, 'reporte_productos'),
	(71, 'reporte_compras'),
	(72, 'reporte_ventas'),
	(73, 'reporte_trabajadores'),
	(74, 'reporte_pagos_trabajador'),
	(75, 'reporte_asistencia'),
	(76, 'configuracion'),
	(77, 'permisos');

-- Volcando estructura para tabla db_sistema_pollos.movimientos_caja
CREATE TABLE IF NOT EXISTS `movimientos_caja` (
  `id_movimiento` int NOT NULL AUTO_INCREMENT,
  `id_usuario` int NOT NULL,
  `tipo_movimiento` enum('apertura','cierre') CHARACTER SET utf8mb4 COLLATE utf8mb4_general_ci NOT NULL DEFAULT 'apertura',
  `egresos` decimal(10,2) DEFAULT '0.00',
  `ingresos` decimal(10,2) DEFAULT '0.00',
  `monto_inicial` decimal(10,2) DEFAULT '0.00',
  `monto_final` decimal(10,2) DEFAULT '0.00',
  `fecha_apertura` datetime DEFAULT NULL,
  `fecha_cierre` datetime DEFAULT NULL,
  `estado` enum('abierto','cerrado') CHARACTER SET utf8mb4 COLLATE utf8mb4_general_ci DEFAULT 'abierto',
  PRIMARY KEY (`id_movimiento`),
  KEY `id_usuario` (`id_usuario`),
  CONSTRAINT `movimientos_caja_ibfk_1` FOREIGN KEY (`id_usuario`) REFERENCES `usuarios` (`id_usuario`) ON DELETE CASCADE ON UPDATE CASCADE
) ENGINE=InnoDB AUTO_INCREMENT=66 DEFAULT CHARSET=utf8mb4 COLLATE=utf8mb4_general_ci;

-- Volcando datos para la tabla db_sistema_pollos.movimientos_caja: ~5 rows (aproximadamente)
INSERT IGNORE INTO `movimientos_caja` (`id_movimiento`, `id_usuario`, `tipo_movimiento`, `egresos`, `ingresos`, `monto_inicial`, `monto_final`, `fecha_apertura`, `fecha_cierre`, `estado`) VALUES
	(60, 39, 'cierre', 0.00, 60.00, 10.00, 70.00, '2025-05-29 00:00:00', '2025-05-29 17:39:42', 'cerrado'),
	(61, 39, 'cierre', 0.00, 276.00, 20.00, 296.00, '2025-05-29 00:00:00', '2025-05-29 17:48:11', 'cerrado'),
	(62, 39, 'cierre', 0.00, 48.00, 10.00, 58.00, '2025-05-29 00:00:00', '2025-05-29 17:49:50', 'cerrado'),
	(63, 39, 'cierre', 187808.00, 5108.00, 20.00, -182680.00, '2025-06-09 00:00:00', '2025-06-09 13:41:49', 'cerrado'),
	(65, 39, 'apertura', 0.00, 0.00, 10.00, 0.00, '2025-06-09 00:00:00', '2025-06-09 00:00:00', 'abierto');

-- Volcando estructura para tabla db_sistema_pollos.pagos_trabajadores
CREATE TABLE IF NOT EXISTS `pagos_trabajadores` (
  `id_pagos` int NOT NULL AUTO_INCREMENT,
  `id_contrato` int NOT NULL,
  `monto_pago` decimal(10,2) NOT NULL,
  `fecha_pago` date DEFAULT NULL,
  `estado_pago` int DEFAULT '1',
  `fecha_pago_default` datetime DEFAULT CURRENT_TIMESTAMP,
  PRIMARY KEY (`id_pagos`),
  KEY `id_contrato` (`id_contrato`),
  CONSTRAINT `pagos_trabajadores_ibfk_1` FOREIGN KEY (`id_contrato`) REFERENCES `contratos_trabajadores` (`id_contrato`) ON DELETE CASCADE ON UPDATE CASCADE
) ENGINE=InnoDB AUTO_INCREMENT=11 DEFAULT CHARSET=utf8mb4 COLLATE=utf8mb4_spanish_ci;

-- Volcando datos para la tabla db_sistema_pollos.pagos_trabajadores: ~0 rows (aproximadamente)

-- Volcando estructura para tabla db_sistema_pollos.permisos
CREATE TABLE IF NOT EXISTS `permisos` (
  `id_usuario` int NOT NULL,
  `id_rol` int NOT NULL,
  `id_modulo` int NOT NULL,
  `id_accion` int NOT NULL,
  `fecha_asignacion` datetime DEFAULT CURRENT_TIMESTAMP,
  PRIMARY KEY (`id_usuario`,`id_rol`,`id_modulo`,`id_accion`),
  KEY `id_rol` (`id_rol`),
  KEY `id_modulo` (`id_modulo`),
  KEY `id_accion` (`id_accion`),
  CONSTRAINT `permisos_ibfk_1` FOREIGN KEY (`id_usuario`) REFERENCES `usuarios` (`id_usuario`),
  CONSTRAINT `permisos_ibfk_2` FOREIGN KEY (`id_rol`) REFERENCES `roles` (`id_rol`),
  CONSTRAINT `permisos_ibfk_3` FOREIGN KEY (`id_modulo`) REFERENCES `modulos` (`id_modulo`),
  CONSTRAINT `permisos_ibfk_4` FOREIGN KEY (`id_accion`) REFERENCES `acciones` (`id_accion`)
) ENGINE=InnoDB DEFAULT CHARSET=utf8mb4 COLLATE=utf8mb4_general_ci;

-- Volcando datos para la tabla db_sistema_pollos.permisos: ~910 rows (aproximadamente)
INSERT IGNORE INTO `permisos` (`id_usuario`, `id_rol`, `id_modulo`, `id_accion`, `fecha_asignacion`) VALUES
	(1, 4, 39, 1, '2025-05-21 19:48:14'),
	(1, 4, 39, 2, '2025-05-21 19:48:14'),
	(1, 4, 39, 3, '2025-05-21 19:48:14'),
	(1, 4, 39, 4, '2025-05-21 19:48:14'),
	(1, 4, 39, 5, '2025-05-21 19:48:14'),
	(1, 4, 39, 6, '2025-05-21 19:48:14'),
	(1, 4, 39, 7, '2025-05-21 19:48:14'),
	(1, 4, 39, 8, '2025-05-21 19:48:14'),
	(1, 4, 39, 9, '2025-05-21 19:48:14'),
	(1, 4, 39, 10, '2025-05-21 19:48:14'),
	(1, 4, 45, 1, '2025-05-21 19:48:14'),
	(1, 4, 45, 2, '2025-05-21 19:48:14'),
	(1, 4, 45, 3, '2025-05-21 19:48:14'),
	(1, 4, 45, 4, '2025-05-21 19:48:14'),
	(1, 4, 45, 5, '2025-05-21 19:48:14'),
	(1, 4, 45, 6, '2025-05-21 19:48:14'),
	(1, 4, 45, 7, '2025-05-21 19:48:14'),
	(1, 4, 45, 8, '2025-05-21 19:48:14'),
	(1, 4, 45, 9, '2025-05-21 19:48:14'),
	(1, 4, 45, 10, '2025-05-21 19:48:14'),
	(1, 4, 46, 1, '2025-05-21 19:48:14'),
	(1, 4, 46, 2, '2025-05-21 19:48:14'),
	(1, 4, 46, 3, '2025-05-21 19:48:14'),
	(1, 4, 46, 4, '2025-05-21 19:48:14'),
	(1, 4, 46, 5, '2025-05-21 19:48:14'),
	(1, 4, 46, 6, '2025-05-21 19:48:14'),
	(1, 4, 46, 7, '2025-05-21 19:48:14'),
	(1, 4, 46, 8, '2025-05-21 19:48:14'),
	(1, 4, 46, 9, '2025-05-21 19:48:14'),
	(1, 4, 46, 10, '2025-05-21 19:48:14'),
	(1, 4, 48, 1, '2025-05-21 19:48:14'),
	(1, 4, 48, 2, '2025-05-21 19:48:14'),
	(1, 4, 48, 3, '2025-05-21 19:48:14'),
	(1, 4, 48, 4, '2025-05-21 19:48:14'),
	(1, 4, 48, 5, '2025-05-21 19:48:14'),
	(1, 4, 48, 6, '2025-05-21 19:48:14'),
	(1, 4, 48, 7, '2025-05-21 19:48:14'),
	(1, 4, 48, 8, '2025-05-21 19:48:14'),
	(1, 4, 48, 9, '2025-05-21 19:48:14'),
	(1, 4, 48, 10, '2025-05-21 19:48:14'),
	(1, 4, 49, 1, '2025-05-21 19:48:14'),
	(1, 4, 49, 2, '2025-05-21 19:48:14'),
	(1, 4, 49, 3, '2025-05-21 19:48:14'),
	(1, 4, 49, 4, '2025-05-21 19:48:14'),
	(1, 4, 49, 5, '2025-05-21 19:48:14'),
	(1, 4, 49, 6, '2025-05-21 19:48:14'),
	(1, 4, 49, 7, '2025-05-21 19:48:14'),
	(1, 4, 49, 8, '2025-05-21 19:48:14'),
	(1, 4, 49, 9, '2025-05-21 19:48:14'),
	(1, 4, 49, 10, '2025-05-21 19:48:14'),
	(1, 4, 50, 1, '2025-05-21 19:48:14'),
	(1, 4, 50, 2, '2025-05-21 19:48:14'),
	(1, 4, 50, 3, '2025-05-21 19:48:14'),
	(1, 4, 50, 4, '2025-05-21 19:48:14'),
	(1, 4, 50, 5, '2025-05-21 19:48:14'),
	(1, 4, 50, 6, '2025-05-21 19:48:14'),
	(1, 4, 50, 7, '2025-05-21 19:48:14'),
	(1, 4, 50, 8, '2025-05-21 19:48:14'),
	(1, 4, 50, 9, '2025-05-21 19:48:14'),
	(1, 4, 50, 10, '2025-05-21 19:48:14'),
	(1, 4, 51, 1, '2025-05-21 19:48:14'),
	(1, 4, 51, 2, '2025-05-21 19:48:14'),
	(1, 4, 51, 3, '2025-05-21 19:48:14'),
	(1, 4, 51, 4, '2025-05-21 19:48:14'),
	(1, 4, 51, 5, '2025-05-21 19:48:14'),
	(1, 4, 51, 6, '2025-05-21 19:48:14'),
	(1, 4, 51, 7, '2025-05-21 19:48:14'),
	(1, 4, 51, 8, '2025-05-21 19:48:14'),
	(1, 4, 51, 9, '2025-05-21 19:48:14'),
	(1, 4, 51, 10, '2025-05-21 19:48:14'),
	(1, 4, 52, 1, '2025-05-21 19:48:14'),
	(1, 4, 52, 2, '2025-05-21 19:48:14'),
	(1, 4, 52, 3, '2025-05-21 19:48:14'),
	(1, 4, 52, 4, '2025-05-21 19:48:14'),
	(1, 4, 52, 5, '2025-05-21 19:48:14'),
	(1, 4, 52, 6, '2025-05-21 19:48:14'),
	(1, 4, 52, 7, '2025-05-21 19:48:14'),
	(1, 4, 52, 8, '2025-05-21 19:48:14'),
	(1, 4, 52, 9, '2025-05-21 19:48:14'),
	(1, 4, 52, 10, '2025-05-21 19:48:14'),
	(1, 4, 53, 1, '2025-05-21 19:48:14'),
	(1, 4, 53, 2, '2025-05-21 19:48:14'),
	(1, 4, 53, 3, '2025-05-21 19:48:14'),
	(1, 4, 53, 4, '2025-05-21 19:48:14'),
	(1, 4, 53, 5, '2025-05-21 19:48:14'),
	(1, 4, 53, 6, '2025-05-21 19:48:14'),
	(1, 4, 53, 7, '2025-05-21 19:48:14'),
	(1, 4, 53, 8, '2025-05-21 19:48:14'),
	(1, 4, 53, 9, '2025-05-21 19:48:14'),
	(1, 4, 53, 10, '2025-05-21 19:48:14'),
	(1, 4, 54, 1, '2025-05-21 19:48:14'),
	(1, 4, 54, 2, '2025-05-21 19:48:14'),
	(1, 4, 54, 3, '2025-05-21 19:48:14'),
	(1, 4, 54, 4, '2025-05-21 19:48:14'),
	(1, 4, 54, 5, '2025-05-21 19:48:14'),
	(1, 4, 54, 6, '2025-05-21 19:48:14'),
	(1, 4, 54, 7, '2025-05-21 19:48:14'),
	(1, 4, 54, 8, '2025-05-21 19:48:14'),
	(1, 4, 54, 9, '2025-05-21 19:48:14'),
	(1, 4, 54, 10, '2025-05-21 19:48:14'),
	(1, 4, 55, 1, '2025-05-21 19:48:14'),
	(1, 4, 55, 2, '2025-05-21 19:48:14'),
	(1, 4, 55, 3, '2025-05-21 19:48:14'),
	(1, 4, 55, 4, '2025-05-21 19:48:14'),
	(1, 4, 55, 5, '2025-05-21 19:48:14'),
	(1, 4, 55, 6, '2025-05-21 19:48:14'),
	(1, 4, 55, 7, '2025-05-21 19:48:14'),
	(1, 4, 55, 8, '2025-05-21 19:48:14'),
	(1, 4, 55, 9, '2025-05-21 19:48:14'),
	(1, 4, 55, 10, '2025-05-21 19:48:14'),
	(1, 4, 56, 1, '2025-05-21 19:48:14'),
	(1, 4, 56, 2, '2025-05-21 19:48:14'),
	(1, 4, 56, 3, '2025-05-21 19:48:14'),
	(1, 4, 56, 4, '2025-05-21 19:48:14'),
	(1, 4, 56, 5, '2025-05-21 19:48:14'),
	(1, 4, 56, 6, '2025-05-21 19:48:14'),
	(1, 4, 56, 7, '2025-05-21 19:48:14'),
	(1, 4, 56, 8, '2025-05-21 19:48:14'),
	(1, 4, 56, 9, '2025-05-21 19:48:14'),
	(1, 4, 56, 10, '2025-05-21 19:48:14'),
	(1, 4, 57, 1, '2025-05-21 19:48:14'),
	(1, 4, 57, 2, '2025-05-21 19:48:14'),
	(1, 4, 57, 3, '2025-05-21 19:48:14'),
	(1, 4, 57, 4, '2025-05-21 19:48:14'),
	(1, 4, 57, 5, '2025-05-21 19:48:14'),
	(1, 4, 57, 6, '2025-05-21 19:48:14'),
	(1, 4, 57, 7, '2025-05-21 19:48:14'),
	(1, 4, 57, 8, '2025-05-21 19:48:14'),
	(1, 4, 57, 9, '2025-05-21 19:48:14'),
	(1, 4, 57, 10, '2025-05-21 19:48:14'),
	(1, 4, 68, 1, '2025-05-21 19:48:14'),
	(1, 4, 68, 2, '2025-05-21 19:48:14'),
	(1, 4, 68, 3, '2025-05-21 19:48:14'),
	(1, 4, 68, 4, '2025-05-21 19:48:14'),
	(1, 4, 68, 5, '2025-05-21 19:48:14'),
	(1, 4, 68, 6, '2025-05-21 19:48:14'),
	(1, 4, 68, 7, '2025-05-21 19:48:14'),
	(1, 4, 68, 8, '2025-05-21 19:48:14'),
	(1, 4, 68, 9, '2025-05-21 19:48:14'),
	(1, 4, 68, 10, '2025-05-21 19:48:14'),
	(1, 4, 70, 1, '2025-05-21 19:48:14'),
	(1, 4, 70, 2, '2025-05-21 19:48:14'),
	(1, 4, 70, 3, '2025-05-21 19:48:14'),
	(1, 4, 70, 4, '2025-05-21 19:48:14'),
	(1, 4, 70, 5, '2025-05-21 19:48:14'),
	(1, 4, 70, 6, '2025-05-21 19:48:14'),
	(1, 4, 70, 7, '2025-05-21 19:48:14'),
	(1, 4, 70, 8, '2025-05-21 19:48:14'),
	(1, 4, 70, 9, '2025-05-21 19:48:14'),
	(1, 4, 70, 10, '2025-05-21 19:48:14'),
	(1, 4, 71, 1, '2025-05-21 19:48:14'),
	(1, 4, 71, 2, '2025-05-21 19:48:14'),
	(1, 4, 71, 3, '2025-05-21 19:48:14'),
	(1, 4, 71, 4, '2025-05-21 19:48:14'),
	(1, 4, 71, 5, '2025-05-21 19:48:14'),
	(1, 4, 71, 6, '2025-05-21 19:48:14'),
	(1, 4, 71, 7, '2025-05-21 19:48:14'),
	(1, 4, 71, 8, '2025-05-21 19:48:14'),
	(1, 4, 71, 9, '2025-05-21 19:48:14'),
	(1, 4, 71, 10, '2025-05-21 19:48:14'),
	(1, 4, 72, 1, '2025-05-21 19:48:14'),
	(1, 4, 72, 2, '2025-05-21 19:48:14'),
	(1, 4, 72, 3, '2025-05-21 19:48:14'),
	(1, 4, 72, 4, '2025-05-21 19:48:14'),
	(1, 4, 72, 5, '2025-05-21 19:48:14'),
	(1, 4, 72, 6, '2025-05-21 19:48:14'),
	(1, 4, 72, 7, '2025-05-21 19:48:14'),
	(1, 4, 72, 8, '2025-05-21 19:48:14'),
	(1, 4, 72, 9, '2025-05-21 19:48:14'),
	(1, 4, 72, 10, '2025-05-21 19:48:14'),
	(39, 1, 39, 1, '2025-05-27 09:57:33'),
	(39, 1, 39, 2, '2025-05-27 09:57:33'),
	(39, 1, 39, 3, '2025-05-27 09:57:33'),
	(39, 1, 39, 4, '2025-05-27 09:57:33'),
	(39, 1, 39, 5, '2025-05-27 09:57:33'),
	(39, 1, 39, 6, '2025-05-27 09:57:33'),
	(39, 1, 39, 7, '2025-05-27 09:57:33'),
	(39, 1, 39, 8, '2025-05-27 09:57:33'),
	(39, 1, 39, 9, '2025-05-27 09:57:33'),
	(39, 1, 39, 10, '2025-05-27 09:57:33'),
	(39, 1, 40, 1, '2025-05-27 09:57:33'),
	(39, 1, 40, 2, '2025-05-27 09:57:33'),
	(39, 1, 40, 3, '2025-05-27 09:57:33'),
	(39, 1, 40, 4, '2025-05-27 09:57:33'),
	(39, 1, 40, 5, '2025-05-27 09:57:33'),
	(39, 1, 40, 6, '2025-05-27 09:57:33'),
	(39, 1, 40, 7, '2025-05-27 09:57:33'),
	(39, 1, 40, 8, '2025-05-27 09:57:33'),
	(39, 1, 40, 9, '2025-05-27 09:57:33'),
	(39, 1, 40, 10, '2025-05-27 09:57:33'),
	(39, 1, 41, 1, '2025-05-27 09:57:33'),
	(39, 1, 41, 2, '2025-05-27 09:57:33'),
	(39, 1, 41, 3, '2025-05-27 09:57:33'),
	(39, 1, 41, 4, '2025-05-27 09:57:33'),
	(39, 1, 41, 5, '2025-05-27 09:57:33'),
	(39, 1, 41, 6, '2025-05-27 09:57:33'),
	(39, 1, 41, 7, '2025-05-27 09:57:33'),
	(39, 1, 41, 8, '2025-05-27 09:57:33'),
	(39, 1, 41, 9, '2025-05-27 09:57:33'),
	(39, 1, 41, 10, '2025-05-27 09:57:33'),
	(39, 1, 42, 1, '2025-05-27 09:57:33'),
	(39, 1, 42, 2, '2025-05-27 09:57:33'),
	(39, 1, 42, 3, '2025-05-27 09:57:33'),
	(39, 1, 42, 4, '2025-05-27 09:57:33'),
	(39, 1, 42, 5, '2025-05-27 09:57:33'),
	(39, 1, 42, 6, '2025-05-27 09:57:33'),
	(39, 1, 42, 7, '2025-05-27 09:57:33'),
	(39, 1, 42, 8, '2025-05-27 09:57:33'),
	(39, 1, 42, 9, '2025-05-27 09:57:33'),
	(39, 1, 42, 10, '2025-05-27 09:57:33'),
	(39, 1, 43, 1, '2025-05-27 09:57:33'),
	(39, 1, 43, 2, '2025-05-27 09:57:33'),
	(39, 1, 43, 3, '2025-05-27 09:57:33'),
	(39, 1, 43, 4, '2025-05-27 09:57:33'),
	(39, 1, 43, 5, '2025-05-27 09:57:33'),
	(39, 1, 43, 6, '2025-05-27 09:57:33'),
	(39, 1, 43, 7, '2025-05-27 09:57:33'),
	(39, 1, 43, 8, '2025-05-27 09:57:33'),
	(39, 1, 43, 9, '2025-05-27 09:57:33'),
	(39, 1, 43, 10, '2025-05-27 09:57:33'),
	(39, 1, 44, 1, '2025-05-27 09:57:33'),
	(39, 1, 44, 2, '2025-05-27 09:57:33'),
	(39, 1, 44, 3, '2025-05-27 09:57:33'),
	(39, 1, 44, 4, '2025-05-27 09:57:33'),
	(39, 1, 44, 5, '2025-05-27 09:57:33'),
	(39, 1, 44, 6, '2025-05-27 09:57:33'),
	(39, 1, 44, 7, '2025-05-27 09:57:33'),
	(39, 1, 44, 8, '2025-05-27 09:57:33'),
	(39, 1, 44, 9, '2025-05-27 09:57:33'),
	(39, 1, 44, 10, '2025-05-27 09:57:33'),
	(39, 1, 45, 1, '2025-05-27 09:57:33'),
	(39, 1, 45, 2, '2025-05-27 09:57:33'),
	(39, 1, 45, 3, '2025-05-27 09:57:33'),
	(39, 1, 45, 4, '2025-05-27 09:57:33'),
	(39, 1, 45, 5, '2025-05-27 09:57:33'),
	(39, 1, 45, 6, '2025-05-27 09:57:33'),
	(39, 1, 45, 7, '2025-05-27 09:57:33'),
	(39, 1, 45, 8, '2025-05-27 09:57:33'),
	(39, 1, 45, 9, '2025-05-27 09:57:33'),
	(39, 1, 45, 10, '2025-05-27 09:57:33'),
	(39, 1, 46, 1, '2025-05-27 09:57:33'),
	(39, 1, 46, 2, '2025-05-27 09:57:33'),
	(39, 1, 46, 3, '2025-05-27 09:57:33'),
	(39, 1, 46, 4, '2025-05-27 09:57:33'),
	(39, 1, 46, 5, '2025-05-27 09:57:33'),
	(39, 1, 46, 6, '2025-05-27 09:57:33'),
	(39, 1, 46, 7, '2025-05-27 09:57:33'),
	(39, 1, 46, 8, '2025-05-27 09:57:33'),
	(39, 1, 46, 9, '2025-05-27 09:57:33'),
	(39, 1, 46, 10, '2025-05-27 09:57:33'),
	(39, 1, 47, 1, '2025-05-27 09:57:33'),
	(39, 1, 47, 2, '2025-05-27 09:57:33'),
	(39, 1, 47, 3, '2025-05-27 09:57:33'),
	(39, 1, 47, 4, '2025-05-27 09:57:33'),
	(39, 1, 47, 5, '2025-05-27 09:57:33'),
	(39, 1, 47, 6, '2025-05-27 09:57:33'),
	(39, 1, 47, 7, '2025-05-27 09:57:33'),
	(39, 1, 47, 8, '2025-05-27 09:57:33'),
	(39, 1, 47, 9, '2025-05-27 09:57:33'),
	(39, 1, 47, 10, '2025-05-27 09:57:33'),
	(39, 1, 48, 1, '2025-05-27 09:57:33'),
	(39, 1, 48, 2, '2025-05-27 09:57:33'),
	(39, 1, 48, 3, '2025-05-27 09:57:33'),
	(39, 1, 48, 4, '2025-05-27 09:57:33'),
	(39, 1, 48, 5, '2025-05-27 09:57:33'),
	(39, 1, 48, 6, '2025-05-27 09:57:33'),
	(39, 1, 48, 7, '2025-05-27 09:57:33'),
	(39, 1, 48, 8, '2025-05-27 09:57:33'),
	(39, 1, 48, 9, '2025-05-27 09:57:33'),
	(39, 1, 48, 10, '2025-05-27 09:57:33'),
	(39, 1, 49, 1, '2025-05-27 09:57:33'),
	(39, 1, 49, 2, '2025-05-27 09:57:33'),
	(39, 1, 49, 3, '2025-05-27 09:57:33'),
	(39, 1, 49, 4, '2025-05-27 09:57:33'),
	(39, 1, 49, 5, '2025-05-27 09:57:33'),
	(39, 1, 49, 6, '2025-05-27 09:57:33'),
	(39, 1, 49, 7, '2025-05-27 09:57:33'),
	(39, 1, 49, 8, '2025-05-27 09:57:33'),
	(39, 1, 49, 9, '2025-05-27 09:57:33'),
	(39, 1, 49, 10, '2025-05-27 09:57:33'),
	(39, 1, 50, 1, '2025-05-27 09:57:33'),
	(39, 1, 50, 2, '2025-05-27 09:57:33'),
	(39, 1, 50, 3, '2025-05-27 09:57:33'),
	(39, 1, 50, 4, '2025-05-27 09:57:33'),
	(39, 1, 50, 5, '2025-05-27 09:57:33'),
	(39, 1, 50, 6, '2025-05-27 09:57:33'),
	(39, 1, 50, 7, '2025-05-27 09:57:33'),
	(39, 1, 50, 8, '2025-05-27 09:57:33'),
	(39, 1, 50, 9, '2025-05-27 09:57:33'),
	(39, 1, 50, 10, '2025-05-27 09:57:33'),
	(39, 1, 51, 1, '2025-05-27 09:57:33'),
	(39, 1, 51, 2, '2025-05-27 09:57:33'),
	(39, 1, 51, 3, '2025-05-27 09:57:33'),
	(39, 1, 51, 4, '2025-05-27 09:57:33'),
	(39, 1, 51, 5, '2025-05-27 09:57:33'),
	(39, 1, 51, 6, '2025-05-27 09:57:33'),
	(39, 1, 51, 7, '2025-05-27 09:57:33'),
	(39, 1, 51, 8, '2025-05-27 09:57:33'),
	(39, 1, 51, 9, '2025-05-27 09:57:33'),
	(39, 1, 51, 10, '2025-05-27 09:57:33'),
	(39, 1, 52, 1, '2025-05-27 09:57:33'),
	(39, 1, 52, 2, '2025-05-27 09:57:33'),
	(39, 1, 52, 3, '2025-05-27 09:57:33'),
	(39, 1, 52, 4, '2025-05-27 09:57:33'),
	(39, 1, 52, 5, '2025-05-27 09:57:33'),
	(39, 1, 52, 6, '2025-05-27 09:57:33'),
	(39, 1, 52, 7, '2025-05-27 09:57:33'),
	(39, 1, 52, 8, '2025-05-27 09:57:33'),
	(39, 1, 52, 9, '2025-05-27 09:57:33'),
	(39, 1, 52, 10, '2025-05-27 09:57:33'),
	(39, 1, 53, 1, '2025-05-27 09:57:33'),
	(39, 1, 53, 2, '2025-05-27 09:57:33'),
	(39, 1, 53, 3, '2025-05-27 09:57:33'),
	(39, 1, 53, 4, '2025-05-27 09:57:33'),
	(39, 1, 53, 5, '2025-05-27 09:57:33'),
	(39, 1, 53, 6, '2025-05-27 09:57:33'),
	(39, 1, 53, 7, '2025-05-27 09:57:33'),
	(39, 1, 53, 8, '2025-05-27 09:57:33'),
	(39, 1, 53, 9, '2025-05-27 09:57:33'),
	(39, 1, 53, 10, '2025-05-27 09:57:33'),
	(39, 1, 54, 1, '2025-05-27 09:57:33'),
	(39, 1, 54, 2, '2025-05-27 09:57:33'),
	(39, 1, 54, 3, '2025-05-27 09:57:33'),
	(39, 1, 54, 4, '2025-05-27 09:57:33'),
	(39, 1, 54, 5, '2025-05-27 09:57:33'),
	(39, 1, 54, 6, '2025-05-27 09:57:33'),
	(39, 1, 54, 7, '2025-05-27 09:57:33'),
	(39, 1, 54, 8, '2025-05-27 09:57:33'),
	(39, 1, 54, 9, '2025-05-27 09:57:33'),
	(39, 1, 54, 10, '2025-05-27 09:57:33'),
	(39, 1, 55, 1, '2025-05-27 09:57:33'),
	(39, 1, 55, 2, '2025-05-27 09:57:33'),
	(39, 1, 55, 3, '2025-05-27 09:57:33'),
	(39, 1, 55, 4, '2025-05-27 09:57:33'),
	(39, 1, 55, 5, '2025-05-27 09:57:33'),
	(39, 1, 55, 6, '2025-05-27 09:57:33'),
	(39, 1, 55, 7, '2025-05-27 09:57:33'),
	(39, 1, 55, 8, '2025-05-27 09:57:33'),
	(39, 1, 55, 9, '2025-05-27 09:57:33'),
	(39, 1, 55, 10, '2025-05-27 09:57:33'),
	(39, 1, 56, 1, '2025-05-27 09:57:33'),
	(39, 1, 56, 2, '2025-05-27 09:57:33'),
	(39, 1, 56, 3, '2025-05-27 09:57:33'),
	(39, 1, 56, 4, '2025-05-27 09:57:33'),
	(39, 1, 56, 5, '2025-05-27 09:57:33'),
	(39, 1, 56, 6, '2025-05-27 09:57:33'),
	(39, 1, 56, 7, '2025-05-27 09:57:33'),
	(39, 1, 56, 8, '2025-05-27 09:57:33'),
	(39, 1, 56, 9, '2025-05-27 09:57:33'),
	(39, 1, 56, 10, '2025-05-27 09:57:33'),
	(39, 1, 57, 1, '2025-05-27 09:57:33'),
	(39, 1, 57, 2, '2025-05-27 09:57:33'),
	(39, 1, 57, 3, '2025-05-27 09:57:33'),
	(39, 1, 57, 4, '2025-05-27 09:57:33'),
	(39, 1, 57, 5, '2025-05-27 09:57:33'),
	(39, 1, 57, 6, '2025-05-27 09:57:33'),
	(39, 1, 57, 7, '2025-05-27 09:57:33'),
	(39, 1, 57, 8, '2025-05-27 09:57:33'),
	(39, 1, 57, 9, '2025-05-27 09:57:33'),
	(39, 1, 57, 10, '2025-05-27 09:57:33'),
	(39, 1, 60, 1, '2025-05-27 09:57:33'),
	(39, 1, 60, 2, '2025-05-27 09:57:33'),
	(39, 1, 60, 3, '2025-05-27 09:57:33'),
	(39, 1, 60, 4, '2025-05-27 09:57:33'),
	(39, 1, 60, 5, '2025-05-27 09:57:33'),
	(39, 1, 60, 6, '2025-05-27 09:57:33'),
	(39, 1, 60, 7, '2025-05-27 09:57:33'),
	(39, 1, 60, 8, '2025-05-27 09:57:33'),
	(39, 1, 60, 9, '2025-05-27 09:57:33'),
	(39, 1, 60, 10, '2025-05-27 09:57:33'),
	(39, 1, 61, 1, '2025-05-27 09:57:33'),
	(39, 1, 61, 2, '2025-05-27 09:57:33'),
	(39, 1, 61, 3, '2025-05-27 09:57:33'),
	(39, 1, 61, 4, '2025-05-27 09:57:33'),
	(39, 1, 61, 5, '2025-05-27 09:57:33'),
	(39, 1, 61, 6, '2025-05-27 09:57:33'),
	(39, 1, 61, 7, '2025-05-27 09:57:33'),
	(39, 1, 61, 8, '2025-05-27 09:57:33'),
	(39, 1, 61, 9, '2025-05-27 09:57:33'),
	(39, 1, 61, 10, '2025-05-27 09:57:33'),
	(39, 1, 62, 1, '2025-05-27 09:57:33'),
	(39, 1, 62, 2, '2025-05-27 09:57:33'),
	(39, 1, 62, 3, '2025-05-27 09:57:33'),
	(39, 1, 62, 4, '2025-05-27 09:57:33'),
	(39, 1, 62, 5, '2025-05-27 09:57:33'),
	(39, 1, 62, 6, '2025-05-27 09:57:33'),
	(39, 1, 62, 7, '2025-05-27 09:57:33'),
	(39, 1, 62, 8, '2025-05-27 09:57:33'),
	(39, 1, 62, 9, '2025-05-27 09:57:33'),
	(39, 1, 62, 10, '2025-05-27 09:57:33'),
	(39, 1, 63, 1, '2025-05-27 09:57:33'),
	(39, 1, 63, 2, '2025-05-27 09:57:33'),
	(39, 1, 63, 3, '2025-05-27 09:57:33'),
	(39, 1, 63, 4, '2025-05-27 09:57:33'),
	(39, 1, 63, 5, '2025-05-27 09:57:33'),
	(39, 1, 63, 6, '2025-05-27 09:57:33'),
	(39, 1, 63, 7, '2025-05-27 09:57:33'),
	(39, 1, 63, 8, '2025-05-27 09:57:33'),
	(39, 1, 63, 9, '2025-05-27 09:57:33'),
	(39, 1, 63, 10, '2025-05-27 09:57:33'),
	(39, 1, 64, 1, '2025-05-27 09:57:33'),
	(39, 1, 64, 2, '2025-05-27 09:57:33'),
	(39, 1, 64, 3, '2025-05-27 09:57:33'),
	(39, 1, 64, 4, '2025-05-27 09:57:33'),
	(39, 1, 64, 5, '2025-05-27 09:57:33'),
	(39, 1, 64, 6, '2025-05-27 09:57:33'),
	(39, 1, 64, 7, '2025-05-27 09:57:33'),
	(39, 1, 64, 8, '2025-05-27 09:57:33'),
	(39, 1, 64, 9, '2025-05-27 09:57:33'),
	(39, 1, 64, 10, '2025-05-27 09:57:33'),
	(39, 1, 65, 1, '2025-05-27 09:57:33'),
	(39, 1, 65, 2, '2025-05-27 09:57:33'),
	(39, 1, 65, 3, '2025-05-27 09:57:33'),
	(39, 1, 65, 4, '2025-05-27 09:57:33'),
	(39, 1, 65, 5, '2025-05-27 09:57:33'),
	(39, 1, 65, 6, '2025-05-27 09:57:33'),
	(39, 1, 65, 7, '2025-05-27 09:57:33'),
	(39, 1, 65, 8, '2025-05-27 09:57:33'),
	(39, 1, 65, 9, '2025-05-27 09:57:33'),
	(39, 1, 65, 10, '2025-05-27 09:57:33'),
	(39, 1, 66, 1, '2025-05-27 09:57:33'),
	(39, 1, 66, 2, '2025-05-27 09:57:33'),
	(39, 1, 66, 3, '2025-05-27 09:57:33'),
	(39, 1, 66, 4, '2025-05-27 09:57:33'),
	(39, 1, 66, 5, '2025-05-27 09:57:33'),
	(39, 1, 66, 6, '2025-05-27 09:57:33'),
	(39, 1, 66, 7, '2025-05-27 09:57:33'),
	(39, 1, 66, 8, '2025-05-27 09:57:33'),
	(39, 1, 66, 9, '2025-05-27 09:57:33'),
	(39, 1, 66, 10, '2025-05-27 09:57:33'),
	(39, 1, 67, 1, '2025-05-27 09:57:33'),
	(39, 1, 67, 2, '2025-05-27 09:57:33'),
	(39, 1, 67, 3, '2025-05-27 09:57:33'),
	(39, 1, 67, 4, '2025-05-27 09:57:33'),
	(39, 1, 67, 5, '2025-05-27 09:57:33'),
	(39, 1, 67, 6, '2025-05-27 09:57:33'),
	(39, 1, 67, 7, '2025-05-27 09:57:33'),
	(39, 1, 67, 8, '2025-05-27 09:57:33'),
	(39, 1, 67, 9, '2025-05-27 09:57:33'),
	(39, 1, 67, 10, '2025-05-27 09:57:33'),
	(39, 1, 68, 1, '2025-05-27 09:57:33'),
	(39, 1, 68, 2, '2025-05-27 09:57:33'),
	(39, 1, 68, 3, '2025-05-27 09:57:33'),
	(39, 1, 68, 4, '2025-05-27 09:57:33'),
	(39, 1, 68, 5, '2025-05-27 09:57:33'),
	(39, 1, 68, 6, '2025-05-27 09:57:33'),
	(39, 1, 68, 7, '2025-05-27 09:57:33'),
	(39, 1, 68, 8, '2025-05-27 09:57:33'),
	(39, 1, 68, 9, '2025-05-27 09:57:33'),
	(39, 1, 68, 10, '2025-05-27 09:57:33'),
	(39, 1, 69, 1, '2025-05-27 09:57:33'),
	(39, 1, 69, 2, '2025-05-27 09:57:33'),
	(39, 1, 69, 3, '2025-05-27 09:57:33'),
	(39, 1, 69, 4, '2025-05-27 09:57:33'),
	(39, 1, 69, 5, '2025-05-27 09:57:33'),
	(39, 1, 69, 6, '2025-05-27 09:57:33'),
	(39, 1, 69, 7, '2025-05-27 09:57:33'),
	(39, 1, 69, 8, '2025-05-27 09:57:33'),
	(39, 1, 69, 9, '2025-05-27 09:57:33'),
	(39, 1, 69, 10, '2025-05-27 09:57:33'),
	(39, 1, 70, 1, '2025-05-27 09:57:33'),
	(39, 1, 70, 2, '2025-05-27 09:57:33'),
	(39, 1, 70, 3, '2025-05-27 09:57:33'),
	(39, 1, 70, 4, '2025-05-27 09:57:33'),
	(39, 1, 70, 5, '2025-05-27 09:57:33'),
	(39, 1, 70, 6, '2025-05-27 09:57:33'),
	(39, 1, 70, 7, '2025-05-27 09:57:33'),
	(39, 1, 70, 8, '2025-05-27 09:57:33'),
	(39, 1, 70, 9, '2025-05-27 09:57:33'),
	(39, 1, 70, 10, '2025-05-27 09:57:33'),
	(39, 1, 71, 1, '2025-05-27 09:57:33'),
	(39, 1, 71, 2, '2025-05-27 09:57:33'),
	(39, 1, 71, 3, '2025-05-27 09:57:33'),
	(39, 1, 71, 4, '2025-05-27 09:57:33'),
	(39, 1, 71, 5, '2025-05-27 09:57:33'),
	(39, 1, 71, 6, '2025-05-27 09:57:33'),
	(39, 1, 71, 7, '2025-05-27 09:57:33'),
	(39, 1, 71, 8, '2025-05-27 09:57:33'),
	(39, 1, 71, 9, '2025-05-27 09:57:33'),
	(39, 1, 71, 10, '2025-05-27 09:57:33'),
	(39, 1, 72, 1, '2025-05-27 09:57:33'),
	(39, 1, 72, 2, '2025-05-27 09:57:33'),
	(39, 1, 72, 3, '2025-05-27 09:57:33'),
	(39, 1, 72, 4, '2025-05-27 09:57:33'),
	(39, 1, 72, 5, '2025-05-27 09:57:33'),
	(39, 1, 72, 6, '2025-05-27 09:57:33'),
	(39, 1, 72, 7, '2025-05-27 09:57:33'),
	(39, 1, 72, 8, '2025-05-27 09:57:33'),
	(39, 1, 72, 9, '2025-05-27 09:57:33'),
	(39, 1, 72, 10, '2025-05-27 09:57:33'),
	(39, 1, 73, 1, '2025-05-27 09:57:33'),
	(39, 1, 73, 2, '2025-05-27 09:57:33'),
	(39, 1, 73, 3, '2025-05-27 09:57:33'),
	(39, 1, 73, 4, '2025-05-27 09:57:33'),
	(39, 1, 73, 5, '2025-05-27 09:57:33'),
	(39, 1, 73, 6, '2025-05-27 09:57:33'),
	(39, 1, 73, 7, '2025-05-27 09:57:33'),
	(39, 1, 73, 8, '2025-05-27 09:57:33'),
	(39, 1, 73, 9, '2025-05-27 09:57:33'),
	(39, 1, 73, 10, '2025-05-27 09:57:33'),
	(39, 1, 74, 1, '2025-05-27 09:57:33'),
	(39, 1, 74, 2, '2025-05-27 09:57:33'),
	(39, 1, 74, 3, '2025-05-27 09:57:33'),
	(39, 1, 74, 4, '2025-05-27 09:57:33'),
	(39, 1, 74, 5, '2025-05-27 09:57:33'),
	(39, 1, 74, 6, '2025-05-27 09:57:33'),
	(39, 1, 74, 7, '2025-05-27 09:57:33'),
	(39, 1, 74, 8, '2025-05-27 09:57:33'),
	(39, 1, 74, 9, '2025-05-27 09:57:33'),
	(39, 1, 74, 10, '2025-05-27 09:57:33'),
	(39, 1, 75, 1, '2025-05-27 09:57:33'),
	(39, 1, 75, 2, '2025-05-27 09:57:33'),
	(39, 1, 75, 3, '2025-05-27 09:57:33'),
	(39, 1, 75, 4, '2025-05-27 09:57:33'),
	(39, 1, 75, 5, '2025-05-27 09:57:33'),
	(39, 1, 75, 6, '2025-05-27 09:57:33'),
	(39, 1, 75, 7, '2025-05-27 09:57:33'),
	(39, 1, 75, 8, '2025-05-27 09:57:33'),
	(39, 1, 75, 9, '2025-05-27 09:57:33'),
	(39, 1, 75, 10, '2025-05-27 09:57:33'),
	(39, 1, 76, 1, '2025-05-27 09:57:33'),
	(39, 1, 76, 2, '2025-05-27 09:57:33'),
	(39, 1, 76, 3, '2025-05-27 09:57:33'),
	(39, 1, 76, 4, '2025-05-27 09:57:33'),
	(39, 1, 76, 5, '2025-05-27 09:57:33'),
	(39, 1, 76, 6, '2025-05-27 09:57:33'),
	(39, 1, 76, 7, '2025-05-27 09:57:33'),
	(39, 1, 76, 8, '2025-05-27 09:57:33'),
	(39, 1, 76, 9, '2025-05-27 09:57:33'),
	(39, 1, 76, 10, '2025-05-27 09:57:33'),
	(39, 1, 77, 1, '2025-05-27 09:57:33'),
	(39, 1, 77, 2, '2025-05-27 09:57:33'),
	(39, 1, 77, 3, '2025-05-27 09:57:33'),
	(39, 1, 77, 4, '2025-05-27 09:57:33'),
	(39, 1, 77, 5, '2025-05-27 09:57:33'),
	(39, 1, 77, 6, '2025-05-27 09:57:33'),
	(39, 1, 77, 7, '2025-05-27 09:57:33'),
	(39, 1, 77, 8, '2025-05-27 09:57:33'),
	(39, 1, 77, 9, '2025-05-27 09:57:33'),
	(39, 1, 77, 10, '2025-05-27 09:57:33'),
	(40, 2, 39, 1, '2025-05-21 03:07:52'),
	(40, 2, 39, 2, '2025-05-21 03:07:52'),
	(40, 2, 39, 3, '2025-05-21 03:07:52'),
	(40, 2, 39, 4, '2025-05-21 03:07:52'),
	(40, 2, 39, 5, '2025-05-21 03:07:52'),
	(40, 2, 39, 6, '2025-05-21 03:07:52'),
	(40, 2, 39, 7, '2025-05-21 03:07:52'),
	(40, 2, 39, 8, '2025-05-21 03:07:52'),
	(40, 2, 39, 9, '2025-05-21 03:07:52'),
	(40, 2, 39, 10, '2025-05-21 03:07:52'),
	(40, 2, 40, 1, '2025-05-21 03:07:52'),
	(40, 2, 40, 2, '2025-05-21 03:07:52'),
	(40, 2, 40, 3, '2025-05-21 03:07:52'),
	(40, 2, 40, 4, '2025-05-21 03:07:52'),
	(40, 2, 40, 5, '2025-05-21 03:07:52'),
	(40, 2, 40, 6, '2025-05-21 03:07:52'),
	(40, 2, 40, 7, '2025-05-21 03:07:52'),
	(40, 2, 40, 8, '2025-05-21 03:07:52'),
	(40, 2, 40, 9, '2025-05-21 03:07:52'),
	(40, 2, 40, 10, '2025-05-21 03:07:52'),
	(40, 2, 41, 1, '2025-05-21 03:07:52'),
	(40, 2, 41, 2, '2025-05-21 03:07:52'),
	(40, 2, 41, 3, '2025-05-21 03:07:52'),
	(40, 2, 41, 4, '2025-05-21 03:07:52'),
	(40, 2, 41, 5, '2025-05-21 03:07:52'),
	(40, 2, 41, 6, '2025-05-21 03:07:52'),
	(40, 2, 41, 7, '2025-05-21 03:07:52'),
	(40, 2, 41, 8, '2025-05-21 03:07:52'),
	(40, 2, 41, 9, '2025-05-21 03:07:52'),
	(40, 2, 41, 10, '2025-05-21 03:07:52'),
	(40, 2, 42, 1, '2025-05-21 03:07:52'),
	(40, 2, 42, 2, '2025-05-21 03:07:52'),
	(40, 2, 42, 3, '2025-05-21 03:07:52'),
	(40, 2, 42, 4, '2025-05-21 03:07:52'),
	(40, 2, 42, 5, '2025-05-21 03:07:52'),
	(40, 2, 42, 6, '2025-05-21 03:07:52'),
	(40, 2, 42, 7, '2025-05-21 03:07:52'),
	(40, 2, 42, 8, '2025-05-21 03:07:52'),
	(40, 2, 42, 9, '2025-05-21 03:07:52'),
	(40, 2, 42, 10, '2025-05-21 03:07:52'),
	(40, 2, 43, 1, '2025-05-21 03:07:52'),
	(40, 2, 43, 2, '2025-05-21 03:07:52'),
	(40, 2, 43, 3, '2025-05-21 03:07:52'),
	(40, 2, 43, 4, '2025-05-21 03:07:52'),
	(40, 2, 43, 5, '2025-05-21 03:07:52'),
	(40, 2, 43, 6, '2025-05-21 03:07:52'),
	(40, 2, 43, 7, '2025-05-21 03:07:52'),
	(40, 2, 43, 8, '2025-05-21 03:07:52'),
	(40, 2, 43, 9, '2025-05-21 03:07:52'),
	(40, 2, 43, 10, '2025-05-21 03:07:52'),
	(40, 2, 44, 1, '2025-05-21 03:07:52'),
	(40, 2, 44, 2, '2025-05-21 03:07:52'),
	(40, 2, 44, 3, '2025-05-21 03:07:52'),
	(40, 2, 44, 4, '2025-05-21 03:07:52'),
	(40, 2, 44, 5, '2025-05-21 03:07:52'),
	(40, 2, 44, 6, '2025-05-21 03:07:52'),
	(40, 2, 44, 7, '2025-05-21 03:07:52'),
	(40, 2, 44, 8, '2025-05-21 03:07:52'),
	(40, 2, 44, 9, '2025-05-21 03:07:52'),
	(40, 2, 44, 10, '2025-05-21 03:07:52'),
	(40, 2, 45, 1, '2025-05-21 03:07:52'),
	(40, 2, 45, 2, '2025-05-21 03:07:52'),
	(40, 2, 45, 3, '2025-05-21 03:07:52'),
	(40, 2, 45, 4, '2025-05-21 03:07:52'),
	(40, 2, 45, 5, '2025-05-21 03:07:52'),
	(40, 2, 45, 6, '2025-05-21 03:07:52'),
	(40, 2, 45, 7, '2025-05-21 03:07:52'),
	(40, 2, 45, 8, '2025-05-21 03:07:52'),
	(40, 2, 45, 9, '2025-05-21 03:07:52'),
	(40, 2, 45, 10, '2025-05-21 03:07:52'),
	(40, 2, 46, 1, '2025-05-21 03:07:52'),
	(40, 2, 46, 2, '2025-05-21 03:07:52'),
	(40, 2, 46, 3, '2025-05-21 03:07:52'),
	(40, 2, 46, 4, '2025-05-21 03:07:52'),
	(40, 2, 46, 5, '2025-05-21 03:07:52'),
	(40, 2, 46, 6, '2025-05-21 03:07:52'),
	(40, 2, 46, 7, '2025-05-21 03:07:52'),
	(40, 2, 46, 8, '2025-05-21 03:07:52'),
	(40, 2, 46, 9, '2025-05-21 03:07:52'),
	(40, 2, 46, 10, '2025-05-21 03:07:52'),
	(40, 2, 47, 1, '2025-05-21 03:07:52'),
	(40, 2, 47, 2, '2025-05-21 03:07:52'),
	(40, 2, 47, 3, '2025-05-21 03:07:52'),
	(40, 2, 47, 4, '2025-05-21 03:07:52'),
	(40, 2, 47, 5, '2025-05-21 03:07:52'),
	(40, 2, 47, 6, '2025-05-21 03:07:52'),
	(40, 2, 47, 7, '2025-05-21 03:07:52'),
	(40, 2, 47, 8, '2025-05-21 03:07:52'),
	(40, 2, 47, 9, '2025-05-21 03:07:52'),
	(40, 2, 47, 10, '2025-05-21 03:07:52'),
	(40, 2, 48, 1, '2025-05-21 03:07:52'),
	(40, 2, 48, 2, '2025-05-21 03:07:52'),
	(40, 2, 48, 3, '2025-05-21 03:07:52'),
	(40, 2, 48, 4, '2025-05-21 03:07:52'),
	(40, 2, 48, 5, '2025-05-21 03:07:52'),
	(40, 2, 48, 6, '2025-05-21 03:07:52'),
	(40, 2, 48, 7, '2025-05-21 03:07:52'),
	(40, 2, 48, 8, '2025-05-21 03:07:52'),
	(40, 2, 48, 9, '2025-05-21 03:07:52'),
	(40, 2, 48, 10, '2025-05-21 03:07:52'),
	(40, 2, 49, 1, '2025-05-21 03:07:52'),
	(40, 2, 49, 2, '2025-05-21 03:07:52'),
	(40, 2, 49, 3, '2025-05-21 03:07:52'),
	(40, 2, 49, 4, '2025-05-21 03:07:52'),
	(40, 2, 49, 5, '2025-05-21 03:07:52'),
	(40, 2, 49, 6, '2025-05-21 03:07:52'),
	(40, 2, 49, 7, '2025-05-21 03:07:52'),
	(40, 2, 49, 8, '2025-05-21 03:07:52'),
	(40, 2, 49, 9, '2025-05-21 03:07:52'),
	(40, 2, 49, 10, '2025-05-21 03:07:52'),
	(40, 2, 50, 1, '2025-05-21 03:07:52'),
	(40, 2, 50, 2, '2025-05-21 03:07:52'),
	(40, 2, 50, 3, '2025-05-21 03:07:52'),
	(40, 2, 50, 4, '2025-05-21 03:07:52'),
	(40, 2, 50, 5, '2025-05-21 03:07:52'),
	(40, 2, 50, 6, '2025-05-21 03:07:52'),
	(40, 2, 50, 7, '2025-05-21 03:07:52'),
	(40, 2, 50, 8, '2025-05-21 03:07:52'),
	(40, 2, 50, 9, '2025-05-21 03:07:52'),
	(40, 2, 50, 10, '2025-05-21 03:07:52'),
	(40, 2, 51, 1, '2025-05-21 03:07:52'),
	(40, 2, 51, 2, '2025-05-21 03:07:52'),
	(40, 2, 51, 3, '2025-05-21 03:07:52'),
	(40, 2, 51, 4, '2025-05-21 03:07:52'),
	(40, 2, 51, 5, '2025-05-21 03:07:52'),
	(40, 2, 51, 6, '2025-05-21 03:07:52'),
	(40, 2, 51, 7, '2025-05-21 03:07:52'),
	(40, 2, 51, 8, '2025-05-21 03:07:52'),
	(40, 2, 51, 9, '2025-05-21 03:07:52'),
	(40, 2, 51, 10, '2025-05-21 03:07:52'),
	(40, 2, 52, 1, '2025-05-21 03:07:52'),
	(40, 2, 52, 2, '2025-05-21 03:07:52'),
	(40, 2, 52, 3, '2025-05-21 03:07:52'),
	(40, 2, 52, 4, '2025-05-21 03:07:52'),
	(40, 2, 52, 5, '2025-05-21 03:07:52'),
	(40, 2, 52, 6, '2025-05-21 03:07:52'),
	(40, 2, 52, 7, '2025-05-21 03:07:52'),
	(40, 2, 52, 8, '2025-05-21 03:07:52'),
	(40, 2, 52, 9, '2025-05-21 03:07:52'),
	(40, 2, 52, 10, '2025-05-21 03:07:52'),
	(40, 2, 53, 1, '2025-05-21 03:07:52'),
	(40, 2, 53, 2, '2025-05-21 03:07:52'),
	(40, 2, 53, 3, '2025-05-21 03:07:52'),
	(40, 2, 53, 4, '2025-05-21 03:07:52'),
	(40, 2, 53, 5, '2025-05-21 03:07:52'),
	(40, 2, 53, 6, '2025-05-21 03:07:52'),
	(40, 2, 53, 7, '2025-05-21 03:07:52'),
	(40, 2, 53, 8, '2025-05-21 03:07:52'),
	(40, 2, 53, 9, '2025-05-21 03:07:52'),
	(40, 2, 53, 10, '2025-05-21 03:07:52'),
	(40, 2, 54, 1, '2025-05-21 03:07:52'),
	(40, 2, 54, 2, '2025-05-21 03:07:52'),
	(40, 2, 54, 3, '2025-05-21 03:07:52'),
	(40, 2, 54, 4, '2025-05-21 03:07:52'),
	(40, 2, 54, 5, '2025-05-21 03:07:52'),
	(40, 2, 54, 6, '2025-05-21 03:07:52'),
	(40, 2, 54, 7, '2025-05-21 03:07:52'),
	(40, 2, 54, 8, '2025-05-21 03:07:52'),
	(40, 2, 54, 9, '2025-05-21 03:07:52'),
	(40, 2, 54, 10, '2025-05-21 03:07:52'),
	(40, 2, 55, 1, '2025-05-21 03:07:52'),
	(40, 2, 55, 2, '2025-05-21 03:07:52'),
	(40, 2, 55, 3, '2025-05-21 03:07:52'),
	(40, 2, 55, 4, '2025-05-21 03:07:52'),
	(40, 2, 55, 5, '2025-05-21 03:07:52'),
	(40, 2, 55, 6, '2025-05-21 03:07:52'),
	(40, 2, 55, 7, '2025-05-21 03:07:52'),
	(40, 2, 55, 8, '2025-05-21 03:07:52'),
	(40, 2, 55, 9, '2025-05-21 03:07:52'),
	(40, 2, 55, 10, '2025-05-21 03:07:52'),
	(40, 2, 56, 1, '2025-05-21 03:07:52'),
	(40, 2, 56, 2, '2025-05-21 03:07:52'),
	(40, 2, 56, 3, '2025-05-21 03:07:52'),
	(40, 2, 56, 4, '2025-05-21 03:07:52'),
	(40, 2, 56, 5, '2025-05-21 03:07:52'),
	(40, 2, 56, 6, '2025-05-21 03:07:52'),
	(40, 2, 56, 7, '2025-05-21 03:07:52'),
	(40, 2, 56, 8, '2025-05-21 03:07:52'),
	(40, 2, 56, 9, '2025-05-21 03:07:52'),
	(40, 2, 56, 10, '2025-05-21 03:07:52'),
	(40, 2, 57, 1, '2025-05-21 03:07:52'),
	(40, 2, 57, 2, '2025-05-21 03:07:52'),
	(40, 2, 57, 3, '2025-05-21 03:07:52'),
	(40, 2, 57, 4, '2025-05-21 03:07:52'),
	(40, 2, 57, 5, '2025-05-21 03:07:52'),
	(40, 2, 57, 6, '2025-05-21 03:07:52'),
	(40, 2, 57, 7, '2025-05-21 03:07:52'),
	(40, 2, 57, 8, '2025-05-21 03:07:52'),
	(40, 2, 57, 9, '2025-05-21 03:07:52'),
	(40, 2, 57, 10, '2025-05-21 03:07:52'),
	(40, 2, 60, 1, '2025-05-21 03:07:52'),
	(40, 2, 60, 2, '2025-05-21 03:07:52'),
	(40, 2, 60, 3, '2025-05-21 03:07:52'),
	(40, 2, 60, 4, '2025-05-21 03:07:52'),
	(40, 2, 60, 5, '2025-05-21 03:07:52'),
	(40, 2, 60, 6, '2025-05-21 03:07:52'),
	(40, 2, 60, 7, '2025-05-21 03:07:52'),
	(40, 2, 60, 8, '2025-05-21 03:07:52'),
	(40, 2, 60, 9, '2025-05-21 03:07:52'),
	(40, 2, 60, 10, '2025-05-21 03:07:52'),
	(40, 2, 61, 1, '2025-05-21 03:07:52'),
	(40, 2, 61, 2, '2025-05-21 03:07:52'),
	(40, 2, 61, 3, '2025-05-21 03:07:52'),
	(40, 2, 61, 4, '2025-05-21 03:07:52'),
	(40, 2, 61, 5, '2025-05-21 03:07:52'),
	(40, 2, 61, 6, '2025-05-21 03:07:52'),
	(40, 2, 61, 7, '2025-05-21 03:07:52'),
	(40, 2, 61, 8, '2025-05-21 03:07:52'),
	(40, 2, 61, 9, '2025-05-21 03:07:52'),
	(40, 2, 61, 10, '2025-05-21 03:07:52'),
	(40, 2, 62, 1, '2025-05-21 03:07:52'),
	(40, 2, 62, 2, '2025-05-21 03:07:52'),
	(40, 2, 62, 3, '2025-05-21 03:07:52'),
	(40, 2, 62, 4, '2025-05-21 03:07:52'),
	(40, 2, 62, 5, '2025-05-21 03:07:52'),
	(40, 2, 62, 6, '2025-05-21 03:07:52'),
	(40, 2, 62, 7, '2025-05-21 03:07:52'),
	(40, 2, 62, 8, '2025-05-21 03:07:52'),
	(40, 2, 62, 9, '2025-05-21 03:07:52'),
	(40, 2, 62, 10, '2025-05-21 03:07:52'),
	(40, 2, 63, 1, '2025-05-21 03:07:52'),
	(40, 2, 63, 2, '2025-05-21 03:07:52'),
	(40, 2, 63, 3, '2025-05-21 03:07:52'),
	(40, 2, 63, 4, '2025-05-21 03:07:52'),
	(40, 2, 63, 5, '2025-05-21 03:07:52'),
	(40, 2, 63, 6, '2025-05-21 03:07:52'),
	(40, 2, 63, 7, '2025-05-21 03:07:52'),
	(40, 2, 63, 8, '2025-05-21 03:07:52'),
	(40, 2, 63, 9, '2025-05-21 03:07:52'),
	(40, 2, 63, 10, '2025-05-21 03:07:52'),
	(40, 2, 64, 1, '2025-05-21 03:07:52'),
	(40, 2, 64, 2, '2025-05-21 03:07:52'),
	(40, 2, 64, 3, '2025-05-21 03:07:52'),
	(40, 2, 64, 4, '2025-05-21 03:07:52'),
	(40, 2, 64, 5, '2025-05-21 03:07:52'),
	(40, 2, 64, 6, '2025-05-21 03:07:52'),
	(40, 2, 64, 7, '2025-05-21 03:07:52'),
	(40, 2, 64, 8, '2025-05-21 03:07:52'),
	(40, 2, 64, 9, '2025-05-21 03:07:52'),
	(40, 2, 64, 10, '2025-05-21 03:07:52'),
	(40, 2, 65, 1, '2025-05-21 03:07:52'),
	(40, 2, 65, 2, '2025-05-21 03:07:52'),
	(40, 2, 65, 3, '2025-05-21 03:07:52'),
	(40, 2, 65, 4, '2025-05-21 03:07:52'),
	(40, 2, 65, 5, '2025-05-21 03:07:52'),
	(40, 2, 65, 6, '2025-05-21 03:07:52'),
	(40, 2, 65, 7, '2025-05-21 03:07:52'),
	(40, 2, 65, 8, '2025-05-21 03:07:52'),
	(40, 2, 65, 9, '2025-05-21 03:07:52'),
	(40, 2, 65, 10, '2025-05-21 03:07:52'),
	(40, 2, 66, 1, '2025-05-21 03:07:52'),
	(40, 2, 66, 2, '2025-05-21 03:07:52'),
	(40, 2, 66, 3, '2025-05-21 03:07:52'),
	(40, 2, 66, 4, '2025-05-21 03:07:52'),
	(40, 2, 66, 5, '2025-05-21 03:07:52'),
	(40, 2, 66, 6, '2025-05-21 03:07:52'),
	(40, 2, 66, 7, '2025-05-21 03:07:52'),
	(40, 2, 66, 8, '2025-05-21 03:07:52'),
	(40, 2, 66, 9, '2025-05-21 03:07:52'),
	(40, 2, 66, 10, '2025-05-21 03:07:52'),
	(40, 2, 67, 1, '2025-05-21 03:07:52'),
	(40, 2, 67, 2, '2025-05-21 03:07:52'),
	(40, 2, 67, 3, '2025-05-21 03:07:52'),
	(40, 2, 67, 4, '2025-05-21 03:07:52'),
	(40, 2, 67, 5, '2025-05-21 03:07:52'),
	(40, 2, 67, 6, '2025-05-21 03:07:52'),
	(40, 2, 67, 7, '2025-05-21 03:07:52'),
	(40, 2, 67, 8, '2025-05-21 03:07:52'),
	(40, 2, 67, 9, '2025-05-21 03:07:52'),
	(40, 2, 67, 10, '2025-05-21 03:07:52'),
	(40, 2, 68, 1, '2025-05-21 03:07:52'),
	(40, 2, 68, 2, '2025-05-21 03:07:52'),
	(40, 2, 68, 3, '2025-05-21 03:07:52'),
	(40, 2, 68, 4, '2025-05-21 03:07:52'),
	(40, 2, 68, 5, '2025-05-21 03:07:52'),
	(40, 2, 68, 6, '2025-05-21 03:07:52'),
	(40, 2, 68, 7, '2025-05-21 03:07:52'),
	(40, 2, 68, 8, '2025-05-21 03:07:52'),
	(40, 2, 68, 9, '2025-05-21 03:07:52'),
	(40, 2, 68, 10, '2025-05-21 03:07:52'),
	(40, 2, 69, 1, '2025-05-21 03:07:52'),
	(40, 2, 69, 2, '2025-05-21 03:07:52'),
	(40, 2, 69, 3, '2025-05-21 03:07:52'),
	(40, 2, 69, 4, '2025-05-21 03:07:52'),
	(40, 2, 69, 5, '2025-05-21 03:07:52'),
	(40, 2, 69, 6, '2025-05-21 03:07:52'),
	(40, 2, 69, 7, '2025-05-21 03:07:52'),
	(40, 2, 69, 8, '2025-05-21 03:07:52'),
	(40, 2, 69, 9, '2025-05-21 03:07:52'),
	(40, 2, 69, 10, '2025-05-21 03:07:52'),
	(40, 2, 70, 1, '2025-05-21 03:07:52'),
	(40, 2, 70, 2, '2025-05-21 03:07:52'),
	(40, 2, 70, 3, '2025-05-21 03:07:52'),
	(40, 2, 70, 4, '2025-05-21 03:07:52'),
	(40, 2, 70, 5, '2025-05-21 03:07:52'),
	(40, 2, 70, 6, '2025-05-21 03:07:52'),
	(40, 2, 70, 7, '2025-05-21 03:07:52'),
	(40, 2, 70, 8, '2025-05-21 03:07:52'),
	(40, 2, 70, 9, '2025-05-21 03:07:52'),
	(40, 2, 70, 10, '2025-05-21 03:07:52'),
	(40, 2, 71, 1, '2025-05-21 03:07:52'),
	(40, 2, 71, 2, '2025-05-21 03:07:52'),
	(40, 2, 71, 3, '2025-05-21 03:07:52'),
	(40, 2, 71, 4, '2025-05-21 03:07:52'),
	(40, 2, 71, 5, '2025-05-21 03:07:52'),
	(40, 2, 71, 6, '2025-05-21 03:07:52'),
	(40, 2, 71, 7, '2025-05-21 03:07:52'),
	(40, 2, 71, 8, '2025-05-21 03:07:52'),
	(40, 2, 71, 9, '2025-05-21 03:07:52'),
	(40, 2, 71, 10, '2025-05-21 03:07:52'),
	(40, 2, 72, 1, '2025-05-21 03:07:52'),
	(40, 2, 72, 2, '2025-05-21 03:07:52'),
	(40, 2, 72, 3, '2025-05-21 03:07:52'),
	(40, 2, 72, 4, '2025-05-21 03:07:52'),
	(40, 2, 72, 5, '2025-05-21 03:07:52'),
	(40, 2, 72, 6, '2025-05-21 03:07:52'),
	(40, 2, 72, 7, '2025-05-21 03:07:52'),
	(40, 2, 72, 8, '2025-05-21 03:07:52'),
	(40, 2, 72, 9, '2025-05-21 03:07:52'),
	(40, 2, 72, 10, '2025-05-21 03:07:52'),
	(40, 2, 73, 1, '2025-05-21 03:07:52'),
	(40, 2, 73, 2, '2025-05-21 03:07:52'),
	(40, 2, 73, 3, '2025-05-21 03:07:52'),
	(40, 2, 73, 4, '2025-05-21 03:07:52'),
	(40, 2, 73, 5, '2025-05-21 03:07:52'),
	(40, 2, 73, 6, '2025-05-21 03:07:52'),
	(40, 2, 73, 7, '2025-05-21 03:07:52'),
	(40, 2, 73, 8, '2025-05-21 03:07:52'),
	(40, 2, 73, 9, '2025-05-21 03:07:52'),
	(40, 2, 73, 10, '2025-05-21 03:07:52'),
	(40, 2, 74, 1, '2025-05-21 03:07:52'),
	(40, 2, 74, 2, '2025-05-21 03:07:52'),
	(40, 2, 74, 3, '2025-05-21 03:07:52'),
	(40, 2, 74, 4, '2025-05-21 03:07:52'),
	(40, 2, 74, 5, '2025-05-21 03:07:52'),
	(40, 2, 74, 6, '2025-05-21 03:07:52'),
	(40, 2, 74, 7, '2025-05-21 03:07:52'),
	(40, 2, 74, 8, '2025-05-21 03:07:52'),
	(40, 2, 74, 9, '2025-05-21 03:07:52'),
	(40, 2, 74, 10, '2025-05-21 03:07:52'),
	(40, 2, 75, 1, '2025-05-21 03:07:52'),
	(40, 2, 75, 2, '2025-05-21 03:07:52'),
	(40, 2, 75, 3, '2025-05-21 03:07:52'),
	(40, 2, 75, 4, '2025-05-21 03:07:52'),
	(40, 2, 75, 5, '2025-05-21 03:07:52'),
	(40, 2, 75, 6, '2025-05-21 03:07:52'),
	(40, 2, 75, 7, '2025-05-21 03:07:52'),
	(40, 2, 75, 8, '2025-05-21 03:07:52'),
	(40, 2, 75, 9, '2025-05-21 03:07:52'),
	(40, 2, 75, 10, '2025-05-21 03:07:52'),
	(40, 2, 76, 1, '2025-05-21 03:07:52'),
	(40, 2, 76, 2, '2025-05-21 03:07:52'),
	(40, 2, 76, 3, '2025-05-21 03:07:52'),
	(40, 2, 76, 4, '2025-05-21 03:07:52'),
	(40, 2, 76, 5, '2025-05-21 03:07:52'),
	(40, 2, 76, 6, '2025-05-21 03:07:52'),
	(40, 2, 76, 7, '2025-05-21 03:07:52'),
	(40, 2, 76, 8, '2025-05-21 03:07:52'),
	(40, 2, 76, 9, '2025-05-21 03:07:52'),
	(40, 2, 76, 10, '2025-05-21 03:07:52'),
	(40, 2, 77, 1, '2025-05-21 03:07:52'),
	(40, 2, 77, 2, '2025-05-21 03:07:52'),
	(40, 2, 77, 3, '2025-05-21 03:07:52'),
	(40, 2, 77, 4, '2025-05-21 03:07:52'),
	(40, 2, 77, 5, '2025-05-21 03:07:52'),
	(40, 2, 77, 6, '2025-05-21 03:07:52'),
	(40, 2, 77, 7, '2025-05-21 03:07:52'),
	(40, 2, 77, 8, '2025-05-21 03:07:52'),
	(40, 2, 77, 9, '2025-05-21 03:07:52'),
	(40, 2, 77, 10, '2025-05-21 03:07:52');

-- Volcando estructura para tabla db_sistema_pollos.personas
CREATE TABLE IF NOT EXISTS `personas` (
  `id_persona` int NOT NULL AUTO_INCREMENT,
  `tipo_persona` varchar(50) CHARACTER SET utf8mb4 COLLATE utf8mb4_spanish_ci NOT NULL,
  `razon_social` varchar(100) CHARACTER SET utf8mb4 COLLATE utf8mb4_spanish_ci NOT NULL,
  `id_doc` int NOT NULL,
  `numero_documento` varchar(20) CHARACTER SET utf8mb4 COLLATE utf8mb4_spanish_ci NOT NULL,
  `direccion` varchar(100) CHARACTER SET utf8mb4 COLLATE utf8mb4_spanish_ci DEFAULT NULL,
  `ciudad` varchar(100) CHARACTER SET utf8mb4 COLLATE utf8mb4_spanish_ci DEFAULT NULL,
  `codigo_postal` varchar(20) CHARACTER SET utf8mb4 COLLATE utf8mb4_spanish_ci DEFAULT NULL,
  `telefono` varchar(20) CHARACTER SET utf8mb4 COLLATE utf8mb4_spanish_ci DEFAULT NULL,
  `email` varchar(100) CHARACTER SET utf8mb4 COLLATE utf8mb4_spanish_ci DEFAULT NULL,
  `sitio_web` varchar(100) CHARACTER SET utf8mb4 COLLATE utf8mb4_spanish_ci DEFAULT NULL,
  `estado_persona` int DEFAULT '1',
  `tipo_banco` varchar(50) CHARACTER SET utf8mb4 COLLATE utf8mb4_spanish_ci NOT NULL,
  `numero_cuenta` varchar(50) CHARACTER SET utf8mb4 COLLATE utf8mb4_spanish_ci DEFAULT NULL,
  `fecha_persona` datetime DEFAULT CURRENT_TIMESTAMP,
  PRIMARY KEY (`id_persona`),
  UNIQUE KEY `email` (`email`),
  KEY `id_doc` (`id_doc`),
  CONSTRAINT `personas_ibfk_1` FOREIGN KEY (`id_doc`) REFERENCES `tipo_documentos` (`id_doc`) ON DELETE CASCADE ON UPDATE CASCADE
) ENGINE=InnoDB AUTO_INCREMENT=91 DEFAULT CHARSET=utf8mb4 COLLATE=utf8mb4_spanish_ci;

-- Volcando datos para la tabla db_sistema_pollos.personas: ~5 rows (aproximadamente)
INSERT IGNORE INTO `personas` (`id_persona`, `tipo_persona`, `razon_social`, `id_doc`, `numero_documento`, `direccion`, `ciudad`, `codigo_postal`, `telefono`, `email`, `sitio_web`, `estado_persona`, `tipo_banco`, `numero_cuenta`, `fecha_persona`) VALUES
	(85, 'proveedor', 'AVICOLA POLO S.A.C.', 2, '20602055555', 'CHIMBOTE 1', 'NUEVO CHIMBOTE', '02800', '999999995', 'DDHFBDSHDH@GMAIL.COM', '', 1, 'transferencia_bancaria', '34354657878', '2025-05-21 03:31:34'),
	(87, 'cliente', 'Pedro', 4, '72243561', '', '', '', '', NULL, '', 1, 'null', '', '2025-05-27 08:48:55'),
	(88, 'cliente', 'Luis', 4, '67676767', '', '', '', '', NULL, '', 1, 'null', '', '2025-05-27 10:30:24'),
	(89, 'cliente', 'Carlos', 4, '72243561', '', '', '', '', NULL, '', 1, 'null', '', '2025-05-27 12:13:04'),
	(90, 'cliente', 'Samuel', 4, '99999999', '', '', '', '', NULL, '', 1, 'null', '', '2025-05-27 16:53:03');

-- Volcando estructura para tabla db_sistema_pollos.productos
CREATE TABLE IF NOT EXISTS `productos` (
  `id_producto` int NOT NULL AUTO_INCREMENT,
  `id_categoria` int NOT NULL,
  `codigo_producto` varchar(20) CHARACTER SET utf8mb4 COLLATE utf8mb4_spanish_ci NOT NULL,
  `nombre_producto` varchar(100) CHARACTER SET utf8mb4 COLLATE utf8mb4_spanish_ci NOT NULL,
  `precio_compra` decimal(10,2) NOT NULL DEFAULT '0.00',
  `precio_producto` decimal(10,2) NOT NULL,
  `stock_producto` int DEFAULT NULL,
  `fecha_vencimiento` date DEFAULT NULL,
  `descripcion_producto` text CHARACTER SET utf8mb4 COLLATE utf8mb4_spanish_ci,
  `imagen_producto` varchar(100) CHARACTER SET utf8mb4 COLLATE utf8mb4_spanish_ci DEFAULT NULL,
  `estado_producto` int DEFAULT '1',
  `fecha_producto` datetime DEFAULT CURRENT_TIMESTAMP,
  PRIMARY KEY (`id_producto`),
  KEY `id_categoria` (`id_categoria`),
  CONSTRAINT `productos_ibfk_1` FOREIGN KEY (`id_categoria`) REFERENCES `categorias` (`id_categoria`) ON DELETE CASCADE ON UPDATE CASCADE
) ENGINE=InnoDB AUTO_INCREMENT=54 DEFAULT CHARSET=utf8mb4 COLLATE=utf8mb4_spanish_ci;

-- Volcando datos para la tabla db_sistema_pollos.productos: ~16 rows (aproximadamente)
INSERT IGNORE INTO `productos` (`id_producto`, `id_categoria`, `codigo_producto`, `nombre_producto`, `precio_compra`, `precio_producto`, `stock_producto`, `fecha_vencimiento`, `descripcion_producto`, `imagen_producto`, `estado_producto`, `fecha_producto`) VALUES
	(36, 17, 'PP1', 'PATAS DE POLLO', 0.00, 0.00, 0, NULL, '', '../vistas/img/productos/202505210220296200.jpg', 1, '2025-05-21 02:20:29'),
	(37, 17, 'HP1', 'HIGADOS POLLO', 0.00, 0.00, 0, NULL, '', '../vistas/img/productos/202505210223094757.jpg', 1, '2025-05-21 02:23:09'),
	(38, 17, 'MG', 'GENERAL', 0.00, 0.00, 0, NULL, '', '../vistas/img/productos/202505210224323188.jpg', 1, '2025-05-21 02:24:32'),
	(39, 15, 'CP1', 'CUY PELADO', 0.00, 0.00, 0, NULL, '', '../vistas/img/productos/202505210225037791.png', 1, '2025-05-21 02:25:03'),
	(41, 16, 'PF', 'PESCADO FRESCO', 0.00, 0.00, 0, NULL, '', '../vistas/img/productos/202505210228401727.jpg', 1, '2025-05-21 02:27:17'),
	(42, 14, 'PBP', 'PAVO PELADO', 0.00, 0.00, 0, NULL, '', '../vistas/img/productos/202505210234438883.jpg', 1, '2025-05-21 02:34:43'),
	(43, 14, 'PV', 'PAVO VIVO', 0.00, 0.00, 0, NULL, '', '../vistas/img/productos/202505210235157816.jpg', 1, '2025-05-21 02:35:15'),
	(44, 13, 'PATOV', 'PATO VIVO', 8.00, 10.20, 2000, NULL, '', '../vistas/img/productos/202505210238394774.jpg', 1, '2025-05-21 02:38:39'),
	(45, 13, 'PATOP', 'PATO PELADO', 7.00, 9.00, 2000, NULL, '', '../vistas/img/productos/202505210240345610.png', 1, '2025-05-21 02:40:34'),
	(46, 12, 'GALLINACV', 'GALLINA DE CORRAL VIVA', 0.00, 0.00, 0, NULL, '', '', 1, '2025-05-21 02:41:24'),
	(47, 12, 'GALLINACP', 'GALLINA DE CORRAL PELADA', 7.00, 9.00, 123, NULL, '', '', 1, '2025-05-21 02:41:55'),
	(48, 11, 'POLLOV', 'POLLO VIVO', 12.00, 15.00, 103, NULL, '', '../vistas/img/productos/202505210246097625.jpg', 1, '2025-05-21 02:44:05'),
	(49, 11, 'POLLOP', 'POLLO PELADO', 0.00, 8.00, 12236, NULL, '', '../vistas/img/productos/202505210247206351.jpg', 1, '2025-05-21 02:47:20'),
	(50, 11, 'PPECHO', 'POLLO PECHO', 0.00, 0.00, 76, NULL, '', '../vistas/img/productos/202505210248212499.png', 1, '2025-05-21 02:48:21'),
	(51, 12, 'GALLINA2PV', 'DOBLE PECHUGA VIVVA', 0.00, 7.00, 64, NULL, '', '../vistas/img/productos/202505210250554559.png', 1, '2025-05-21 02:50:55'),
	(52, 12, 'GALLINA2PP', 'DOBLE PECHUGA PELADA', 8.00, 12.00, 1895, NULL, '', '../vistas/img/productos/202505210252063393.png', 1, '2025-05-21 02:52:06');

-- Volcando estructura para tabla db_sistema_pollos.roles
CREATE TABLE IF NOT EXISTS `roles` (
  `id_rol` int NOT NULL AUTO_INCREMENT,
  `nombre` varchar(50) CHARACTER SET utf8mb4 COLLATE utf8mb4_general_ci NOT NULL,
  `descripcion` text CHARACTER SET utf8mb4 COLLATE utf8mb4_general_ci,
  `nivel_acceso` int DEFAULT '1',
  `estado` tinyint(1) DEFAULT '1',
  PRIMARY KEY (`id_rol`),
  UNIQUE KEY `nombre` (`nombre`)
) ENGINE=InnoDB AUTO_INCREMENT=10 DEFAULT CHARSET=utf8mb4 COLLATE=utf8mb4_general_ci;

-- Volcando datos para la tabla db_sistema_pollos.roles: ~8 rows (aproximadamente)
INSERT IGNORE INTO `roles` (`id_rol`, `nombre`, `descripcion`, `nivel_acceso`, `estado`) VALUES
	(1, 'ADMINISTRADOR', 'Acceso completo al sistema', 100, 1),
	(2, 'GERENTE', 'Gestiona operaciones de múltiples sucursales', 80, 1),
	(3, 'SUPERVISOR', 'Supervisa operaciones en sucursales asignadas', 60, 1),
	(4, 'VENDEDOR', 'Realiza ventas y operaciones básicas', 40, 1),
	(5, 'TRANSPORTISTA', 'Encargado de realizar envíos entre sucursales', 2, 1),
	(6, 'INVENTARIO', 'Gestiona productos y almacenes', 50, 1),
	(7, 'CLIENTE', 'Cliente acceso limitado', 1, 1),
	(9, 'REPARTIDOR', 'Encargado de repartir productos a Domicilio', 1, 1);

-- Volcando estructura para tabla db_sistema_pollos.serie_num_comprobante
CREATE TABLE IF NOT EXISTS `serie_num_comprobante` (
  `id_serie_num` int NOT NULL AUTO_INCREMENT,
  `tipo_comprobante_sn` varchar(50) CHARACTER SET utf8mb4 COLLATE utf8mb4_spanish_ci NOT NULL,
  `serie_prefijo` varchar(20) CHARACTER SET utf8mb4 COLLATE utf8mb4_spanish_ci NOT NULL,
  `folio_inicial` int NOT NULL,
  `folio_final` int NOT NULL,
  `fecha_sn` datetime NOT NULL DEFAULT CURRENT_TIMESTAMP,
  PRIMARY KEY (`id_serie_num`)
) ENGINE=InnoDB AUTO_INCREMENT=19 DEFAULT CHARSET=utf8mb4 COLLATE=utf8mb4_spanish_ci;

-- Volcando datos para la tabla db_sistema_pollos.serie_num_comprobante: ~3 rows (aproximadamente)
INSERT IGNORE INTO `serie_num_comprobante` (`id_serie_num`, `tipo_comprobante_sn`, `serie_prefijo`, `folio_inicial`, `folio_final`, `fecha_sn`) VALUES
	(16, 'ticket', 'T001', 1, 999, '2025-01-13 15:10:06'),
	(17, 'boleta', 'B001', 1, 999, '2025-01-13 15:10:46'),
	(18, 'factura', 'F001', 1, 999, '2025-01-13 15:11:10');

-- Volcando estructura para tabla db_sistema_pollos.sucursales
CREATE TABLE IF NOT EXISTS `sucursales` (
  `id_sucursal` int NOT NULL AUTO_INCREMENT,
  `nombre_sucursal` varchar(100) CHARACTER SET utf8mb4 COLLATE utf8mb4_spanish_ci NOT NULL,
  `direccion` varchar(150) CHARACTER SET utf8mb4 COLLATE utf8mb4_spanish_ci NOT NULL,
  `telefono` varchar(20) CHARACTER SET utf8mb4 COLLATE utf8mb4_spanish_ci NOT NULL,
  `estado` int DEFAULT '1',
  PRIMARY KEY (`id_sucursal`)
) ENGINE=InnoDB AUTO_INCREMENT=18 DEFAULT CHARSET=utf8mb4 COLLATE=utf8mb4_spanish_ci;

-- Volcando datos para la tabla db_sistema_pollos.sucursales: ~4 rows (aproximadamente)
INSERT IGNORE INTO `sucursales` (`id_sucursal`, `nombre_sucursal`, `direccion`, `telefono`, `estado`) VALUES
	(14, 'TIENDA 2', 'NUEVO CHIMBOTE', '978990345', 1),
	(15, 'TIENDA 1', 'NUEVO CHIMBOTE', '978990345', 1),
	(16, 'TIENDA 3', 'CHIMBOTE', '978990344', 1),
	(17, 'TIENDA 4', 'NUEVO CHIMBOTE', '999999992', 1);

-- Volcando estructura para tabla db_sistema_pollos.tipo_documentos
CREATE TABLE IF NOT EXISTS `tipo_documentos` (
  `id_doc` int NOT NULL AUTO_INCREMENT,
  `nombre_doc` varchar(50) CHARACTER SET utf8mb4 COLLATE utf8mb4_spanish_ci NOT NULL,
  `fecha_doc` datetime DEFAULT CURRENT_TIMESTAMP,
  PRIMARY KEY (`id_doc`)
) ENGINE=InnoDB AUTO_INCREMENT=7 DEFAULT CHARSET=utf8mb4 COLLATE=utf8mb4_spanish_ci;

-- Volcando datos para la tabla db_sistema_pollos.tipo_documentos: ~4 rows (aproximadamente)
INSERT IGNORE INTO `tipo_documentos` (`id_doc`, `nombre_doc`, `fecha_doc`) VALUES
	(2, 'RUC', '2024-11-22 11:30:13'),
	(3, 'CEDULA', '2024-11-22 11:30:19'),
	(4, 'DNI', '2025-01-13 15:15:28'),
	(6, 'CARNET DE EXTRANJERIA', '2025-05-21 03:25:21');

-- Volcando estructura para tabla db_sistema_pollos.trabajadores
CREATE TABLE IF NOT EXISTS `trabajadores` (
  `id_trabajador` int NOT NULL AUTO_INCREMENT,
  `nombre` varchar(100) CHARACTER SET utf8mb4 COLLATE utf8mb4_spanish_ci NOT NULL,
  `num_documento` varchar(20) CHARACTER SET utf8mb4 COLLATE utf8mb4_spanish_ci NOT NULL,
  `telefono` varchar(20) CHARACTER SET utf8mb4 COLLATE utf8mb4_spanish_ci NOT NULL,
  `correo` varchar(100) CHARACTER SET utf8mb4 COLLATE utf8mb4_spanish_ci NOT NULL,
  `foto` varchar(100) CHARACTER SET utf8mb4 COLLATE utf8mb4_spanish_ci DEFAULT NULL,
  `cv` varchar(100) CHARACTER SET utf8mb4 COLLATE utf8mb4_spanish_ci DEFAULT NULL,
  `tipo_pago` varchar(50) CHARACTER SET utf8mb4 COLLATE utf8mb4_spanish_ci DEFAULT NULL,
  `num_cuenta` varchar(30) CHARACTER SET utf8mb4 COLLATE utf8mb4_spanish_ci DEFAULT NULL,
  `estado_trabajador` int DEFAULT '1',
  PRIMARY KEY (`id_trabajador`)
) ENGINE=InnoDB AUTO_INCREMENT=9 DEFAULT CHARSET=utf8mb4 COLLATE=utf8mb4_spanish_ci;

-- Volcando datos para la tabla db_sistema_pollos.trabajadores: ~0 rows (aproximadamente)
INSERT IGNORE INTO `trabajadores` (`id_trabajador`, `nombre`, `num_documento`, `telefono`, `correo`, `foto`, `cv`, `tipo_pago`, `num_cuenta`, `estado_trabajador`) VALUES
	(6, 'Luis  donmingues', '45454545', '987987986', 'luis@gmail.com', '', '', 'pago_efectivo', '', 1);

-- Volcando estructura para tabla db_sistema_pollos.usuarios
CREATE TABLE IF NOT EXISTS `usuarios` (
  `id_usuario` int NOT NULL AUTO_INCREMENT,
  `id_sucursal` int NOT NULL,
  `nombre_usuario` varchar(100) CHARACTER SET utf8mb4 COLLATE utf8mb4_spanish_ci NOT NULL,
  `telefono` varchar(20) CHARACTER SET utf8mb4 COLLATE utf8mb4_spanish_ci NOT NULL,
  `correo` varchar(100) CHARACTER SET utf8mb4 COLLATE utf8mb4_spanish_ci NOT NULL,
  `usuario` varchar(50) CHARACTER SET utf8mb4 COLLATE utf8mb4_spanish_ci NOT NULL,
  `contrasena` varchar(100) CHARACTER SET utf8mb4 COLLATE utf8mb4_spanish_ci NOT NULL,
  `imagen_usuario` varchar(50) CHARACTER SET utf8mb4 COLLATE utf8mb4_spanish_ci DEFAULT NULL,
  `estado` int DEFAULT '1',
  `ultimo_login` datetime DEFAULT NULL,
  `fecha_usuario` datetime DEFAULT CURRENT_TIMESTAMP,
  PRIMARY KEY (`id_usuario`),
  UNIQUE KEY `correo` (`correo`),
  UNIQUE KEY `usuario` (`usuario`),
  KEY `id_sucursal` (`id_sucursal`),
  CONSTRAINT `usuarios_ibfk_1` FOREIGN KEY (`id_sucursal`) REFERENCES `sucursales` (`id_sucursal`) ON DELETE CASCADE ON UPDATE CASCADE
) ENGINE=InnoDB AUTO_INCREMENT=45 DEFAULT CHARSET=utf8mb4 COLLATE=utf8mb4_spanish_ci;

-- Volcando datos para la tabla db_sistema_pollos.usuarios: ~3 rows (aproximadamente)
INSERT IGNORE INTO `usuarios` (`id_usuario`, `id_sucursal`, `nombre_usuario`, `telefono`, `correo`, `usuario`, `contrasena`, `imagen_usuario`, `estado`, `ultimo_login`, `fecha_usuario`) VALUES
	(1, 15, 'Ysis Raquel Nuñuvero Murga', '924008588', 'Raquel_nm28@hotmail.com', 'Ysis46799580', '$2y$10$IsUL1GJkJGCVo6Ko5JrxCOZx7g21LksQ7sDFAV1lo22MFxlKGfeIC', '1747856703_Ysis.jpg', 1, '2025-05-21 03:12:33', '2025-01-17 12:52:34'),
	(39, 15, 'CEO', '938995616', 'isp.conectaperu@gmail.com', 'Apuuray12345', '$2y$10$GQ3lCq6kAT8p2Lkb/M2Il.4vTKl.ukt/v3C71mRmLD3m3gbHuovbi', '1747792747_LOGO.png', 1, '2025-07-01 01:10:25', '2025-05-21 01:17:39'),
	(40, 15, 'julio César Nuñuvero Murga', '981812998', 'juliocesarnunuveromurga@gmail.com', 'Julio', '$2y$10$BEEuS7jYJ7AkeW7IYY4sy.nJSqzQkxv67HKtwwP2phIXgHObRge6K', '1747796645_JULIO.jpg', 1, '2025-05-21 19:30:12', '2025-05-21 03:04:05');

-- Volcando estructura para tabla db_sistema_pollos.usuario_roles
CREATE TABLE IF NOT EXISTS `usuario_roles` (
  `id_usuario` int NOT NULL,
  `id_rol` int NOT NULL,
  `fecha_asignacion` datetime DEFAULT CURRENT_TIMESTAMP,
  PRIMARY KEY (`id_usuario`,`id_rol`),
  KEY `id_rol` (`id_rol`)
) ENGINE=InnoDB DEFAULT CHARSET=utf8mb4 COLLATE=utf8mb4_general_ci;

-- Volcando datos para la tabla db_sistema_pollos.usuario_roles: ~3 rows (aproximadamente)
INSERT IGNORE INTO `usuario_roles` (`id_usuario`, `id_rol`, `fecha_asignacion`) VALUES
	(1, 4, '2025-05-21 19:48:14'),
	(39, 1, '2025-05-27 09:57:33'),
	(40, 2, '2025-05-21 03:07:52');

-- Volcando estructura para tabla db_sistema_pollos.vacaciones
CREATE TABLE IF NOT EXISTS `vacaciones` (
  `id_vacacion` int NOT NULL AUTO_INCREMENT,
  `id_trabajador` int NOT NULL,
  `fecha_inicio` date NOT NULL,
  `fecha_fin` date NOT NULL,
  `estado_vacion` int DEFAULT '0',
  PRIMARY KEY (`id_vacacion`),
  KEY `id_trabajador` (`id_trabajador`),
  CONSTRAINT `vacaciones_ibfk_1` FOREIGN KEY (`id_trabajador`) REFERENCES `trabajadores` (`id_trabajador`)
) ENGINE=InnoDB AUTO_INCREMENT=4 DEFAULT CHARSET=utf8mb4 COLLATE=utf8mb4_spanish_ci;

-- Volcando datos para la tabla db_sistema_pollos.vacaciones: ~0 rows (aproximadamente)
INSERT IGNORE INTO `vacaciones` (`id_vacacion`, `id_trabajador`, `fecha_inicio`, `fecha_fin`, `estado_vacion`) VALUES
	(3, 6, '2025-05-26', '2025-06-29', 0);

-- Volcando estructura para tabla db_sistema_pollos.ventas
CREATE TABLE IF NOT EXISTS `ventas` (
  `id_venta` int NOT NULL AUTO_INCREMENT,
  `id_persona` int NOT NULL,
  `id_usuario` int NOT NULL,
  `id_movimiento_caja` int NOT NULL,
  `fecha_venta` date NOT NULL,
  `hora_venta` text CHARACTER SET utf8mb4 COLLATE utf8mb4_spanish_ci NOT NULL,
  `id_serie_num` int NOT NULL,
  `serie_comprobante` varchar(10) CHARACTER SET utf8mb4 COLLATE utf8mb4_spanish_ci NOT NULL,
  `num_comprobante` varchar(10) CHARACTER SET utf8mb4 COLLATE utf8mb4_spanish_ci NOT NULL,
  `impuesto` decimal(10,2) DEFAULT NULL,
  `total_venta` decimal(10,2) NOT NULL,
  `total_pago` decimal(10,2) NOT NULL,
  `sub_total` decimal(10,2) NOT NULL,
  `igv` decimal(10,2) DEFAULT NULL,
  `tipo_pago` varchar(20) CHARACTER SET utf8mb4 COLLATE utf8mb4_spanish_ci DEFAULT NULL,
  `forma_pago` varchar(20) CHARACTER SET utf8mb4 COLLATE utf8mb4_spanish_ci DEFAULT NULL,
  `numero_serie_pago` varchar(50) CHARACTER SET utf8mb4 COLLATE utf8mb4_spanish_ci DEFAULT NULL,
  `pago_delante` decimal(10,2) DEFAULT NULL,
  `estado_pago` varchar(20) CHARACTER SET utf8mb4 COLLATE utf8mb4_spanish_ci DEFAULT NULL,
  `fecha_venta_a` datetime DEFAULT CURRENT_TIMESTAMP,
  PRIMARY KEY (`id_venta`),
  KEY `id_persona` (`id_persona`),
  KEY `id_usuario` (`id_usuario`),
  KEY `id_serie_num` (`id_serie_num`),
  KEY `fk_movimiento_caja` (`id_movimiento_caja`),
  CONSTRAINT `fk_movimiento_caja` FOREIGN KEY (`id_movimiento_caja`) REFERENCES `movimientos_caja` (`id_movimiento`),
  CONSTRAINT `ventas_ibfk_1` FOREIGN KEY (`id_persona`) REFERENCES `personas` (`id_persona`) ON DELETE CASCADE ON UPDATE CASCADE,
  CONSTRAINT `ventas_ibfk_2` FOREIGN KEY (`id_usuario`) REFERENCES `usuarios` (`id_usuario`) ON DELETE CASCADE ON UPDATE CASCADE,
  CONSTRAINT `ventas_ibfk_3` FOREIGN KEY (`id_serie_num`) REFERENCES `serie_num_comprobante` (`id_serie_num`) ON DELETE CASCADE ON UPDATE CASCADE
) ENGINE=InnoDB AUTO_INCREMENT=338 DEFAULT CHARSET=utf8mb4 COLLATE=utf8mb4_spanish_ci;

-- Volcando datos para la tabla db_sistema_pollos.ventas: ~14 rows (aproximadamente)
INSERT IGNORE INTO `ventas` (`id_venta`, `id_persona`, `id_usuario`, `id_movimiento_caja`, `fecha_venta`, `hora_venta`, `id_serie_num`, `serie_comprobante`, `num_comprobante`, `impuesto`, `total_venta`, `total_pago`, `sub_total`, `igv`, `tipo_pago`, `forma_pago`, `numero_serie_pago`, `pago_delante`, `estado_pago`, `fecha_venta_a`) VALUES
	(323, 88, 39, 60, '2025-05-29', '12:39:10 PM', 18, 'F001', '1', 0.00, 60.00, 60.00, 60.00, 0.00, 'contado', 'pago_efectivo', '', 0.00, 'completado', '2025-05-29 12:39:10'),
	(324, 88, 39, 61, '2025-05-29', '12:43:26 PM', 18, 'F001', '2', 0.00, 276.00, 276.00, 276.00, 0.00, 'contado', 'pago_efectivo', '', 0.00, 'completado', '2025-05-29 12:43:26'),
	(325, 89, 39, 62, '2025-05-29', '12:49:05 PM', 17, 'B001', '1', 0.00, 48.00, 48.00, 48.00, 0.00, 'contado', 'pago_efectivo', '', 0.00, 'completado', '2025-05-29 12:49:05'),
	(326, 89, 39, 63, '2025-06-03', '09:20:39 AM', 18, 'F001', '3', 0.00, 48.00, 48.00, 48.00, 0.00, 'contado', 'pago_efectivo', '', 0.00, 'completado', '2025-06-03 09:20:40'),
	(327, 89, 39, 63, '2025-06-03', '09:58:36 AM', 16, 'T001', '1', 0.00, 60.00, 60.00, 60.00, 0.00, 'contado', 'pago_efectivo', '', 0.00, 'completado', '2025-06-03 09:58:37'),
	(328, 87, 39, 63, '2025-06-03', '10:10:46 AM', 18, 'F001', '4', 0.00, 60.00, 10.00, 60.00, 0.00, 'credito', 'pago_efectivo', '', 10.00, 'pendiente', '2025-06-03 10:10:46'),
	(329, 88, 39, 63, '2025-06-03', '10:40:28 AM', 17, 'B001', '2', 0.00, 2000.00, 100.00, 2000.00, 0.00, 'credito', 'pago_efectivo', '', 0.00, 'pendiente', '2025-06-03 10:40:28'),
	(330, 88, 39, 63, '2025-06-08', '09:11:11 AM', 17, 'B001', '3', 0.00, 0.00, 0.00, 0.00, 0.00, 'contado', 'pago_efectivo', '', 0.00, 'completado', '2025-06-08 09:11:12'),
	(331, 89, 39, 63, '2025-06-08', '09:12:05 AM', 18, 'F001', '5', 0.00, 536.00, 536.00, 536.00, 0.00, 'contado', 'pago_efectivo', '', 0.00, 'completado', '2025-06-08 09:12:06'),
	(332, 90, 39, 63, '2025-06-08', '09:14:57 AM', 17, 'B001', '4', 0.00, 1647.00, 1647.00, 1647.00, 0.00, 'contado', 'pago_efectivo', '', 0.00, 'completado', '2025-06-08 09:14:58'),
	(333, 90, 39, 63, '2025-06-08', '09:17:54 AM', 18, 'F001', '6', 0.00, 487.00, 487.00, 487.00, 0.00, 'contado', 'pago_efectivo', '', 0.00, 'completado', '2025-06-08 09:17:54'),
	(334, 89, 39, 63, '2025-06-09', '07:57:49 AM', 17, 'B001', '5', 0.00, 77.00, 77.00, 77.00, 0.00, 'contado', 'pago_efectivo', '', 0.00, 'completado', '2025-06-09 07:57:50'),
	(335, 89, 39, 63, '2025-06-09', '08:03:01 AM', 18, 'F001', '7', 0.00, 72.00, 72.00, 72.00, 0.00, 'contado', 'pago_efectivo', '', 0.00, 'completado', '2025-06-09 08:03:02'),
	(336, 88, 39, 63, '2025-06-09', '08:03:43 AM', 17, 'B001', '6', 0.00, 26.00, 26.00, 26.00, 0.00, 'contado', 'pago_efectivo', '', 0.00, 'completado', '2025-06-09 08:03:43');

/*!40103 SET TIME_ZONE=IFNULL(@OLD_TIME_ZONE, 'system') */;
/*!40101 SET SQL_MODE=IFNULL(@OLD_SQL_MODE, '') */;
/*!40014 SET FOREIGN_KEY_CHECKS=IFNULL(@OLD_FOREIGN_KEY_CHECKS, 1) */;
/*!40101 SET CHARACTER_SET_CLIENT=@OLD_CHARACTER_SET_CLIENT */;
/*!40111 SET SQL_NOTES=IFNULL(@OLD_SQL_NOTES, 1) */;
